"genusName","feeding","basal","enrichment","structure","cp","GenavgMass","GenavgCPr","GenavgCRs","GenavgMFP","GenavgEFP","GenavgSFP","GenavgHFP","GenavgFFP","GenavgBFP","GenavgPFP","StderrMass","StderrCPr","StderrCRs","StderrMFP","StderrEFP","StderrSFP","StderrHFP","StderrFFP","StderrBFP","StderrPFP"
"Ablechroiulus","3","0.0","3.2","0.0","1","4.1445","0.4145","0.7019","1.1164","1.1164","0.0","0.0","0.0","1.1164","0.0","1.3093","0.1309","0.168","0.2985","0.2985","0.0","0.0","0.0","0.2985","0.0"
"Acantholaimus","0","0.0","0.0","1.8","3","1.024","0.0341","0.2391","0.2732","0.0","0.2732","0.0","0.0","0.0","0.0","0.216","0.0072","0.0381","0.0452","0.0","0.0452","0.0","0.0","0.0","0.0"
"Acanthopharynx","0","0.0","0.0","1.8","3","2.7541","0.0918","0.5836","0.6754","0.0","0.6754","0.0","0.0","0.0","0.0","0.0","0.0","0.0","0.0","0.0","0.0","0.0","0.0","0.0","0.0"
"Acephalodorylaimus","2","0.0","0.0","3.2","4","0.126","0.0031","0.0577","0.0609","0.0","0.0609","0.0","0.0609","0.0","0.0","0.0","0.0","0.0","0.0","0.0","0.0","0.0","0.0","0.0","0.0"
"Achromadora","5","0.0","0.0","1.8","3","0.3132","0.0104","0.1047","0.1151","0.0","0.1151","0.0","0.0","0.0","0.1151","0.0956","0.0032","0.0235","0.0266","0.0","0.0266","0.0","0.0","0.0","0.0266"
"Acontylus","1","0.0","0.0","0.0","3","0.3994","0.0133","0.1371","0.1505","0.0","0.0","0.1505","0.0","0.0","0.0","0.0","0.0","0.0","0.0","0.0","0.0","0.0","0.0","0.0","0.0"
"Acrobeles","3","0.8","0.0","0.0","2","0.6403","0.032","0.1815","0.2135","0.0","0.0","0.0","0.0","0.2135","0.0","0.1538","0.0077","0.0319","0.0395","0.0","0.0","0.0","0.0","0.0395","0.0"
"Acrobeloides","3","0.8","0.0","0.0","2","1.1939","0.0597","0.2603","0.3199","0.0","0.0","0.0","0.0","0.3199","0.0","0.4938","0.0247","0.0811","0.1056","0.0","0.0","0.0","0.0","0.1056","0.0"
"Acrobelophis","3","0.8","0.0","0.0","2","0.2465","0.0123","0.0872","0.0995","0.0","0.0","0.0","0.0","0.0995","0.0","0.1717","0.0086","0.0483","0.0569","0.0","0.0","0.0","0.0","0.0569","0.0"
"Acrolobus","3","0.8","0.0","0.0","2","0.1356","0.0068","0.061","0.0678","0.0","0.0","0.0","0.0","0.0678","0.0","6.0E-4","0.0","2.0E-4","2.0E-4","0.0","0.0","0.0","0.0","2.0E-4","0.0"
"Acromoldavicus","3","0.8","0.0","0.0","2","0.559","0.0279","0.1764","0.2043","0.0","0.0","0.0","0.0","0.2043","0.0","0.0329","0.0016","0.0078","0.0094","0.0","0.0","0.0","0.0","0.0094","0.0"
"Acrostichus","3","0.0","3.2","0.0","1","0.6049","0.0605","0.1846","0.2451","0.2451","0.0","0.0","0.0","0.2451","0.0","0.1273","0.0127","0.0307","0.0434","0.0434","0.0","0.0","0.0","0.0434","0.0"
"Actinca","5","0.0","0.0","5.0","5","9.586","0.1917","1.4817","1.6734","0.0","1.6734","0.0","0.0","0.0","1.6734","1.9142","0.0383","0.2232","0.2615","0.0","0.2615","0.0","0.0","0.0","0.2615"
"Actinolaimoides","8","0.0","0.0","3.2","4","0.2748","0.0069","0.1024","0.1092","0.0","0.1092","0.0","0.0","0.0","0.1092","0.0978","0.0024","0.0279","0.0303","0.0","0.0303","0.0","0.0","0.0","0.0303"
"Actinolaimus","5","0.0","0.0","5.0","5","13.0383","0.2608","1.8258","2.0865","0.0","2.0865","0.0","0.0","0.0","2.0865","6.5581","0.1312","0.7169","0.8481","0.0","0.8481","0.0","0.0","0.0","0.8481"
"Actus","5","0.0","0.0","3.2","4","1.9354","0.0484","0.4456","0.494","0.0","0.494","0.0","0.0","0.0","0.494","0.4561","0.0114","0.0794","0.0908","0.0","0.0908","0.0","0.0","0.0","0.0908"
"Aculonchus","2","0.0","0.0","3.2","4","0.2035","0.0051","0.0826","0.0877","0.0","0.0877","0.0","0.0877","0.0","0.0","0.025","6.0E-4","0.0076","0.0083","0.0","0.0083","0.0","0.0083","0.0","0.0"
"Adenolaimus","8","0.0","0.0","1.8","3","0.3966","0.0132","0.1276","0.1408","0.0","0.1408","0.0","0.0","0.0","0.1408","0.1996","0.0067","0.0493","0.0559","0.0","0.0559","0.0","0.0","0.0","0.0559"
"Admirandus","0","0.0","0.0","1.8","3","13.8352","0.4612","1.9041","2.3653","0.0","2.3653","0.0","0.0","0.0","0.0","4.6946","0.1565","0.534","0.6905","0.0","0.6905","0.0","0.0","0.0","0.0"
"Adoncholaimus","0","0.0","0.0","1.8","3","54.8654","1.8288","5.5035","7.3323","0.0","7.3323","0.0","0.0","0.0","0.0","0.0","0.0","0.0","0.0","0.0","0.0","0.0","0.0","0.0","0.0"
"Aetholaimus","5","0.0","0.0","5.0","5","2.1675","0.0434","0.4871","0.5304","0.0","0.5304","0.0","0.0","0.0","0.5304","0.2484","0.005","0.0419","0.0469","0.0","0.0469","0.0","0.0","0.0","0.0469"
"Afractinca","5","0.0","0.0","5.0","5","2.3543","0.0471","0.5189","0.5659","0.0","0.5659","0.0","0.0","0.0","0.5659","0.0","0.0","0.0","0.0","0.0","0.0","0.0","0.0","0.0","0.0"
"Afractinolaimus","5","0.0","0.0","5.0","5","32.3015","0.646","3.4284","4.0745","0.0","4.0745","0.0","0.0","0.0","4.0745","25.7973","0.5159","2.3165","2.8325","0.0","2.8325","0.0","0.0","0.0","2.8325"
"Afrina","1","0.0","0.0","0.0","2","5.269","0.2635","0.916","1.1794","0.0","0.0","1.1794","0.0","0.0","0.0","1.4521","0.0726","0.1932","0.2656","0.0","0.0","0.2656","0.0","0.0","0.0"
"Aglenchus","1","0.0","0.0","0.0","2","0.0815","0.0041","0.0415","0.0456","0.0","0.0","0.0456","0.0","0.0","0.0","0.0049","2.0E-4","0.0019","0.0021","0.0","0.0","0.0021","0.0","0.0","0.0"
"Akanthepsilonema","0","0.0","0.0","3.2","4","0.6064","0.0152","0.1876","0.2028","0.0","0.2028","0.0","0.0","0.0","0.0","0.0","0.0","0.0","0.0","0.0","0.0","0.0","0.0","0.0","0.0"
"Akodonema","0","0.0","0.0","0.0","0","999.6326","0.0","48.5336","0.0","0.0","0.0","0.0","0.0","0.0","0.0","0.0","0.0","0.0","0.0","0.0","0.0","0.0","0.0","0.0","0.0"
"Alaimus","3","0.0","0.0","3.2","4","0.5606","0.014","0.157","0.171","0.0","0.171","0.0","0.0","0.171","0.0","0.2221","0.0056","0.041","0.0465","0.0","0.0465","0.0","0.0","0.0465","0.0"
"Alirhabditis","3","0.0","3.2","0.0","1","0.0549","0.0055","0.0309","0.0364","0.0364","0.0","0.0","0.0","0.0364","0.0","0.0","0.0","0.0","0.0","0.0","0.0","0.0","0.0","0.0","0.0"
"Allodorylaimus","8","0.0","0.0","3.2","4","3.8241","0.0956","0.7416","0.8372","0.0","0.8372","0.0","0.0","0.0","0.8372","0.3635","0.0091","0.0528","0.0619","0.0","0.0619","0.0","0.0","0.0","0.0619"
"Alloionema","3","0.0","3.2","0.0","1","7.0833","0.7083","1.0703","1.7786","1.7786","0.0","0.0","0.0","1.7786","0.0","3.9832","0.3983","0.4328","0.8311","0.8311","0.0","0.0","0.0","0.8311","0.0"
"Allotylenchus","1","0.0","0.0","0.0","2","0.1207","0.006","0.0559","0.062","0.0","0.0","0.062","0.0","0.0","0.0","0.0","0.0","0.0","0.0","0.0","0.0","0.0","0.0","0.0","0.0"
"Amblydorylaimus","8","0.0","0.0","5.0","5","17.6328","0.3527","2.3491","2.7018","0.0","2.7018","0.0","0.0","0.0","2.7018","0.0","0.0","0.0","0.0","0.0","0.0","0.0","0.0","0.0","0.0"
"Amphidelus","3","0.0","0.0","3.2","4","1.3065","0.0327","0.3137","0.3464","0.0","0.3464","0.0","0.0","0.3464","0.0","0.3534","0.0088","0.064","0.0728","0.0","0.0728","0.0","0.0","0.0728","0.0"
"Amphidorylaimus","8","0.0","0.0","3.2","4","0.2613","0.0065","0.0996","0.1062","0.0","0.1062","0.0","0.0","0.0","0.1062","0.0325","8.0E-4","0.0093","0.0101","0.0","0.0101","0.0","0.0","0.0","0.0101"
"Amphimermis","0","0.0","0.0","0.0","0","11634.369","0.0","275.3679","0.0","0.0","0.0","0.0","0.0","0.0","0.0","4378.7542","0.0","89.6169","0.0","0.0","0.0","0.0","0.0","0.0","0.0"
"Amphimonhystera","0","0.8","0.0","0.0","2","0.4026","0.0201","0.1359","0.156","0.0","0.0","0.0","0.0","0.0","0.0","0.1108","0.0055","0.029","0.0345","0.0","0.0","0.0","0.0","0.0","0.0"
"Ampimonhystrella","0","0.8","0.0","0.0","2","0.1037","0.0052","0.0499","0.0551","0.0","0.0","0.0","0.0","0.0","0.0","0.0","0.0","0.0","0.0","0.0","0.0","0.0","0.0","0.0","0.0"
"Amplimerlinius","1","0.0","0.0","0.0","3","1.0623","0.0354","0.2709","0.3063","0.0","0.0","0.3063","0.0","0.0","0.0","0.1582","0.0053","0.0301","0.0353","0.0","0.0","0.0353","0.0","0.0","0.0"
"Anaplectus","3","0.8","0.0","0.0","2","1.4974","0.0749","0.3572","0.432","0.0","0.0","0.0","0.0","0.432","0.0","0.3671","0.0184","0.067","0.0853","0.0","0.0","0.0","0.0","0.0853","0.0"
"Anatonchus","5","0.0","0.0","3.2","4","9.2823","0.2321","1.4241","1.6561","0.0","1.6561","0.0","0.0","0.0","1.6561","1.4582","0.0365","0.1715","0.2079","0.0","0.2079","0.0","0.0","0.0","0.2079"
"Angiostoma","0","0.0","0.0","0.0","0","67.3269","0.0","6.2971","0.0","0.0","0.0","0.0","0.0","0.0","0.0","18.431","0.0","1.2642","0.0","0.0","0.0","0.0","0.0","0.0","0.0"
"Angiostrongylus","0","0.0","0.0","0.0","0","1404.4093","0.0","60.8066","0.0","0.0","0.0","0.0","0.0","0.0","0.0","371.7666","0.0","13.8832","0.0","0.0","0.0","0.0","0.0","0.0","0.0"
"Anguillonema","2","0.8","0.8","0.0","2","0.2997","0.015","0.1021","0.1171","0.1171","0.0","0.0","0.1171","0.0","0.0","0.244","0.0122","0.0708","0.083","0.083","0.0","0.0","0.083","0.0","0.0"
"Anguina","1","0.0","0.0","0.0","2","27.6687","1.3834","3.0293","4.4127","0.0","0.0","4.4127","0.0","0.0","0.0","7.0206","0.351","0.5897","0.9395","0.0","0.0","0.9395","0.0","0.0","0.0"
"Anivanema","0","0.0","0.0","1.8","3","768.5792","25.6193","39.8501","65.4694","0.0","65.4694","0.0","0.0","0.0","0.0","0.0","0.0","0.0","0.0","0.0","0.0","0.0","0.0","0.0","0.0"
"Anomyctus","2","0.8","0.8","0.0","2","0.3171","0.0159","0.1154","0.1312","0.1312","0.0","0.0","0.1312","0.0","0.0","0.0","0.0","0.0","0.0","0.0","0.0","0.0","0.0","0.0","0.0"
"Anonchus","3","0.0","0.0","1.8","3","0.9014","0.03","0.2451","0.2751","0.0","0.2751","0.0","0.0","0.2751","0.0","0.1983","0.0066","0.0388","0.0454","0.0","0.0454","0.0","0.0","0.0454","0.0"
"Anoplostoma","0","0.8","0.0","0.0","2","2.2761","0.1138","0.4901","0.6039","0.0","0.0","0.0","0.0","0.0","0.0","0.723","0.0362","0.1231","0.1592","0.0","0.0","0.0","0.0","0.0","0.0"
"Anoplostrongylus","0","0.0","0.0","0.0","0","89.5499","0.0","7.3151","0.0","0.0","0.0","0.0","0.0","0.0","0.0","50.0745","0.0","3.1738","0.0","0.0","0.0","0.0","0.0","0.0","0.0"
"Antarctenchus","1","0.0","0.0","0.0","2","0.5158","0.0258","0.165","0.1907","0.0","0.0","0.1907","0.0","0.0","0.0","0.1424","0.0071","0.0345","0.0417","0.0","0.0","0.0417","0.0","0.0","0.0"
"Antarcticonema","0","0.0","0.0","3.2","4","5.6427","0.1411","0.9995","1.1406","0.0","1.1406","0.0","0.0","0.0","0.0","0.0","0.0","0.0","0.0","0.0","0.0","0.0","0.0","0.0","0.0"
"Antholaimus","8","0.0","0.0","3.2","4","3.1204","0.078","0.6409","0.719","0.0","0.719","0.0","0.0","0.0","0.719","0.0","0.0","0.0","0.0","0.0","0.0","0.0","0.0","0.0","0.0"
"Anticoma","0","0.0","0.0","1.8","3","22.9663","0.7655","2.5866","3.3521","0.0","3.3521","0.0","0.0","0.0","0.0","8.0316","0.2677","0.6613","0.9285","0.0","0.9285","0.0","0.0","0.0","0.0"
"Aorolaimus","1","0.0","0.0","0.0","3","0.5535","0.0185","0.1737","0.1921","0.0","0.0","0.1921","0.0","0.0","0.0","0.0524","0.0017","0.0126","0.0143","0.0","0.0","0.0143","0.0","0.0","0.0"
"Aphanolaimus","3","0.0","0.0","1.8","3","0.3348","0.0112","0.1158","0.1269","0.0","0.1269","0.0","0.0","0.1269","0.0","0.0617","0.0021","0.0163","0.0183","0.0","0.0183","0.0","0.0","0.0183","0.0"
"Aphanonchus","3","0.0","0.0","1.8","3","1.4229","0.0474","0.3531","0.4005","0.0","0.4005","0.0","0.0","0.4005","0.0","0.191","0.0064","0.0365","0.0428","0.0","0.0428","0.0","0.0","0.0428","0.0"
"Aphasmatylenchus","1","0.0","0.0","0.0","3","1.9524","0.0651","0.4509","0.516","0.0","0.0","0.516","0.0","0.0","0.0","0.0","0.0","0.0","0.0","0.0","0.0","0.0","0.0","0.0","0.0"
"Aphelenchoides","2","0.8","0.8","0.0","2","0.1502","0.0075","0.0637","0.0712","0.0712","0.0","0.0","0.0712","0.0","0.0","0.0115","6.0E-4","0.0037","0.0043","0.0043","0.0","0.0","0.0043","0.0","0.0"
"Aphelenchus","2","0.8","0.8","0.0","2","0.218","0.0109","0.087","0.0979","0.0979","0.0","0.0","0.0979","0.0","0.0","0.0158","8.0E-4","0.0047","0.0055","0.0055","0.0","0.0","0.0055","0.0","0.0"
"Aponema","0","0.0","0.0","1.8","3","0.5191","0.0173","0.167","0.1843","0.0","0.1843","0.0","0.0","0.0","0.0","0.0","0.0","0.0","0.0","0.0","0.0","0.0","0.0","0.0","0.0"
"Aporcelaimellus","8","0.0","0.0","5.0","5","9.0478","0.181","1.3476","1.5285","0.0","1.5285","0.0","0.0","0.0","1.5285","1.2264","0.0245","0.136","0.1604","0.0","0.1604","0.0","0.0","0.0","0.1604"
"Aporcelaimium","8","0.0","0.0","5.0","5","9.5396","0.1908","1.4819","1.6727","0.0","1.6727","0.0","0.0","0.0","1.6727","0.0","0.0","0.0","0.0","0.0","0.0","0.0","0.0","0.0","0.0"
"Aporcelaimoides","8","0.0","0.0","5.0","5","21.9236","0.4385","2.6786","3.1171","0.0","3.1171","0.0","0.0","0.0","3.1171","5.8886","0.1178","0.5129","0.6305","0.0","0.6305","0.0","0.0","0.0","0.6305"
"Aporcelaimus","8","0.0","0.0","5.0","5","78.0079","1.5602","6.9816","8.5418","0.0","8.5418","0.0","0.0","0.0","8.5418","7.1615","0.1432","0.4749","0.6179","0.0","0.6179","0.0","0.0","0.0","0.6179"
"Aporcelinus","8","0.0","0.0","5.0","5","4.2646","0.0853","0.7878","0.8731","0.0","0.8731","0.0","0.0","0.0","0.8731","0.5492","0.011","0.0728","0.0837","0.0","0.0837","0.0","0.0","0.0","0.0837"
"Aporcella","8","0.0","0.0","5.0","5","6.5463","0.1309","1.0308","1.1617","0.0","1.1617","0.0","0.0","0.0","1.1617","1.193","0.0239","0.1273","0.151","0.0","0.151","0.0","0.0","0.0","0.151"
"Apratylenchoides","1","0.0","0.0","0.0","3","0.1389","0.0046","0.0619","0.0665","0.0","0.0","0.0665","0.0","0.0","0.0","0.0204","7.0E-4","0.0067","0.0074","0.0","0.0","0.0074","0.0","0.0","0.0"
"Apratylenchus","1","0.0","0.0","0.0","3","0.1123","0.0037","0.0525","0.0562","0.0","0.0","0.0562","0.0","0.0","0.0","0.0344","0.0011","0.0122","0.0134","0.0","0.0","0.0134","0.0","0.0","0.0"
"Aprutides","2","0.8","0.8","0.0","2","0.0582","0.0029","0.0324","0.0353","0.0353","0.0","0.0","0.0353","0.0","0.0","8.0E-4","0.0","3.0E-4","4.0E-4","4.0E-4","0.0","0.0","4.0E-4","0.0","0.0"
"Aquatides","5","0.0","0.0","5.0","5","5.2543","0.1051","0.9252","1.0303","0.0","1.0303","0.0","0.0","0.0","1.0303","2.5501","0.051","0.3495","0.4005","0.0","0.4005","0.0","0.0","0.0","0.4005"
"Araguanema","0","0.0","0.0","0.0","0","11.4456","0.0","1.6988","0.0","0.0","0.0","0.0","0.0","0.0","0.0","0.0068","0.0","8.0E-4","0.0","0.0","0.0","0.0","0.0","0.0","0.0"
"Arboritynchus","1","0.0","0.0","0.0","2","2.2335","0.1117","0.4988","0.6105","0.0","0.0","0.6105","0.0","0.0","0.0","0.0","0.0","0.0","0.0","0.0","0.0","0.0","0.0","0.0","0.0"
"Arctidorylaimus","8","0.0","0.0","3.2","4","45.5171","1.1379","4.7558","5.8937","0.0","5.8937","0.0","0.0","0.0","5.8937","11.3368","0.2834","0.8966","1.18","0.0","1.18","0.0","0.0","0.0","1.18"
"Arganema","2","0.0","0.0","3.2","4","0.2393","0.006","0.0934","0.0994","0.0","0.0994","0.0","0.0994","0.0","0.0","0.0","0.0","0.0","0.0","0.0","0.0","0.0","0.0","0.0","0.0"
"Ascarophis","0","0.0","0.0","0.0","0","51.9811","0.0","5.285","0.0","0.0","0.0","0.0","0.0","0.0","0.0","0.0","0.0","0.0","0.0","0.0","0.0","0.0","0.0","0.0","0.0"
"Aspidodera","0","0.0","0.0","0.0","0","314.0204","0.0","20.3648","0.0","0.0","0.0","0.0","0.0","0.0","0.0","0.0","0.0","0.0","0.0","0.0","0.0","0.0","0.0","0.0","0.0"
"Aspidonema","3","0.0","3.2","0.0","1","0.1301","0.013","0.0568","0.0698","0.0698","0.0","0.0","0.0","0.0698","0.0","0.0809","0.0081","0.0282","0.0363","0.0363","0.0","0.0","0.0","0.0363","0.0"
"Astomonema","0","0.0","0.0","1.8","3","4.4997","0.15","0.8434","0.9934","0.0","0.9934","0.0","0.0","0.0","0.0","0.0","0.0","0.0","0.0","0.0","0.0","0.0","0.0","0.0","0.0"
"Atalodera","1","0.0","0.0","0.0","3","69.6071","2.3202","6.4836","8.8038","0.0","0.0","8.8038","0.0","0.0","0.0","15.2436","0.5081","1.1001","1.6081","0.0","0.0","1.6081","0.0","0.0","0.0"
"Atetylenchus","1","0.0","0.0","0.0","2","0.3311","0.0166","0.1156","0.1322","0.0","0.0","0.1322","0.0","0.0","0.0","0.0775","0.0039","0.0205","0.0243","0.0","0.0","0.0243","0.0","0.0","0.0"
"Atylenchus","1","0.0","0.0","0.0","2","0.1156","0.0058","0.0541","0.0599","0.0","0.0","0.0599","0.0","0.0","0.0","0.0093","5.0E-4","0.0033","0.0037","0.0","0.0","0.0037","0.0","0.0","0.0"
"Auanema","3","0.0","3.2","0.0","1","2.3802","0.238","0.5204","0.7584","0.7584","0.0","0.0","0.0","0.7584","0.0","0.2329","0.0233","0.0382","0.0615","0.0615","0.0","0.0","0.0","0.0615","0.0"
"Auanema","3","0.0","3.2","0.0","1","2.3802","0.238","0.5204","0.7584","0.7584","0.0","0.0","0.0","0.7584","0.0","0.2329","0.0233","0.0382","0.0615","0.0615","0.0","0.0","0.0","0.0615","0.0"
"Aulolaimoides","8","0.0","0.0","1.8","3","0.7791","0.026","0.2215","0.2474","0.0","0.2474","0.0","0.0","0.0","0.2474","0.2731","0.0091","0.0581","0.0672","0.0","0.0672","0.0","0.0","0.0","0.0672"
"Aulolaimus","3","0.0","0.0","1.8","3","0.2269","0.0076","0.0882","0.0957","0.0","0.0957","0.0","0.0","0.0957","0.0","0.0216","7.0E-4","0.0059","0.0066","0.0","0.0066","0.0","0.0","0.0066","0.0"
"Australodorus","1","0.0","0.0","0.0","5","7.4726","0.1495","1.2339","1.3833","0.0","0.0","1.3833","0.0","0.0","0.0","0.0","0.0","0.0","0.0","0.0","0.0","0.0","0.0","0.0","0.0"
"Axodorylaimellus","1","0.0","0.0","0.0","5","0.1216","0.0024","0.0562","0.0586","0.0","0.0","0.0586","0.0","0.0","0.0","0.0","0.0","0.0","0.0","0.0","0.0","0.0","0.0","0.0","0.0"
"Axonchium","1","0.0","0.0","0.0","5","2.7365","0.0547","0.5439","0.5987","0.0","0.0","0.5987","0.0","0.0","0.0","0.6137","0.0123","0.0892","0.1014","0.0","0.0","0.1014","0.0","0.0","0.0"
"Axonchoides","1","0.0","0.0","0.0","5","4.1945","0.0839","0.8002","0.884","0.0","0.0","0.884","0.0","0.0","0.0","0.0","0.0","0.0","0.0","0.0","0.0","0.0","0.0","0.0","0.0"
"Axonolaimus","0","0.8","0.0","0.0","2","1.2121","0.0606","0.3154","0.376","0.0","0.0","0.0","0.0","0.0","0.0","0.0","0.0","0.0","0.0","0.0","0.0","0.0","0.0","0.0","0.0"
"Bakeria","0","0.0","0.0","0.0","0","75.1486","0.0","6.9679","0.0","0.0","0.0","0.0","0.0","0.0","0.0","0.0","0.0","0.0","0.0","0.0","0.0","0.0","0.0","0.0","0.0"
"Baladorylaimus","5","0.0","0.0","3.2","4","0.7924","0.0198","0.2293","0.2491","0.0","0.2491","0.0","0.0","0.0","0.2491","0.0","0.0","0.0","0.0","0.0","0.0","0.0","0.0","0.0","0.0"
"Baldwinema","3","0.0","3.2","0.0","1","0.0448","0.0045","0.0262","0.0307","0.0307","0.0","0.0","0.0","0.0307","0.0","0.0124","0.0012","0.0055","0.0067","0.0067","0.0","0.0","0.0","0.0067","0.0"
"Baqriella","8","0.0","0.0","3.2","4","0.4069","0.0102","0.1391","0.1492","0.0","0.1492","0.0","0.0","0.0","0.1492","0.0","0.0","0.0","0.0","0.0","0.0","0.0","0.0","0.0","0.0"
"Baruscapillaria","0","0.0","0.0","0.0","0","0.0178","0.0","0.0133","0.0","0.0","0.0","0.0","0.0","0.0","0.0","0.0","0.0","0.0","0.0","0.0","0.0","0.0","0.0","0.0","0.0"
"Basilaphelenchus","2","0.8","0.8","0.0","2","0.0552","0.0028","0.0293","0.032","0.032","0.0","0.0","0.032","0.0","0.0","0.0239","0.0012","0.0094","0.0106","0.0106","0.0","0.0","0.0106","0.0","0.0"
"Basiria","1","0.0","0.0","0.0","2","0.1508","0.0075","0.0638","0.0714","0.0","0.0","0.0714","0.0","0.0","0.0","0.0136","7.0E-4","0.0043","0.005","0.0","0.0","0.005","0.0","0.0","0.0"
"Basirotyleptus","2","0.0","0.0","3.2","4","0.2126","0.0053","0.0832","0.0886","0.0","0.0886","0.0","0.0886","0.0","0.0","0.0251","6.0E-4","0.0074","0.008","0.0","0.008","0.0","0.008","0.0","0.0"
"Bastiania","3","0.0","0.0","1.8","3","0.1741","0.0058","0.0726","0.0784","0.0","0.0784","0.0","0.0","0.0784","0.0","0.0319","0.0011","0.0102","0.0113","0.0","0.0113","0.0","0.0","0.0113","0.0"
"Bathyepsilonema","0","0.0","0.0","3.2","4","0.5687","0.0142","0.1788","0.193","0.0","0.193","0.0","0.0","0.0","0.0","0.0","0.0","0.0","0.0","0.0","0.0","0.0","0.0","0.0","0.0"
"Bathyeurystomina","0","0.0","0.0","3.2","4","23.2127","0.5803","2.6278","3.2081","0.0","3.2081","0.0","0.0","0.0","0.0","20.0097","0.5002","1.9742","2.4744","0.0","2.4744","0.0","0.0","0.0","0.0"
"Bathyodontus","3","0.0","0.0","3.2","4","1.7433","0.0436","0.4087","0.4522","0.0","0.4522","0.0","0.0","0.4522","0.0","0.221","0.0055","0.039","0.0445","0.0","0.0445","0.0","0.0","0.0445","0.0"
"Baujardia","3","0.0","3.2","0.0","1","6.9256","0.6926","1.1655","1.858","1.858","0.0","0.0","0.0","1.858","0.0","0.0","0.0","0.0","0.0","0.0","0.0","0.0","0.0","0.0","0.0"
"Belaxellus","1","0.0","0.0","0.0","5","3.1451","0.0629","0.6447","0.7076","0.0","0.0","0.7076","0.0","0.0","0.0","0.0","0.0","0.0","0.0","0.0","0.0","0.0","0.0","0.0","0.0"
"Belbolla","0","0.0","0.0","3.2","4","14.6674","0.3667","2.0461","2.4128","0.0","2.4128","0.0","0.0","0.0","0.0","0.0","0.0","0.0","0.0","0.0","0.0","0.0","0.0","0.0","0.0"
"Belondira","1","0.0","0.0","0.0","5","1.0298","0.0206","0.257","0.2776","0.0","0.0","0.2776","0.0","0.0","0.0","0.445","0.0089","0.0862","0.0951","0.0","0.0","0.0951","0.0","0.0","0.0"
"Belonolaimus","1","0.0","0.0","0.0","3","1.8741","0.0625","0.4306","0.493","0.0","0.0","0.493","0.0","0.0","0.0","0.3125","0.0104","0.0541","0.0645","0.0","0.0","0.0645","0.0","0.0","0.0"
"Bendiella","0","0.0","0.0","3.2","4","0.0587","0.0015","0.0326","0.034","0.0","0.034","0.0","0.0","0.0","0.0","0.0","0.0","0.0","0.0","0.0","0.0","0.0","0.0","0.0","0.0"
"Bernardius","0","0.0","0.0","3.2","4","2.4452","0.0611","0.5338","0.595","0.0","0.595","0.0","0.0","0.0","0.0","0.0","0.0","0.0","0.0","0.0","0.0","0.0","0.0","0.0","0.0"
"Betulodera","1","0.0","0.0","0.0","3","134.8951","4.4965","10.8059","15.3024","0.0","0.0","15.3024","0.0","0.0","0.0","0.0","0.0","0.0","0.0","0.0","0.0","0.0","0.0","0.0","0.0"
"Beutschlinema","3","0.0","3.2","0.0","1","3.3435","0.3343","0.675","1.0094","1.0094","0.0","0.0","0.0","1.0094","0.0","0.0","0.0","0.0","0.0","0.0","0.0","0.0","0.0","0.0","0.0"
"Binema","0","0.0","0.0","0.0","0","64.2696","0.0","6.1266","0.0","0.0","0.0","0.0","0.0","0.0","0.0","10.6157","0.0","0.789","0.0","0.0","0.0","0.0","0.0","0.0","0.0"
"Bitylenchus","1","0.0","0.0","0.0","3","0.333","0.0111","0.1165","0.1276","0.0","0.0","0.1276","0.0","0.0","0.0","0.0615","0.0021","0.0156","0.0176","0.0","0.0","0.0176","0.0","0.0","0.0"
"Blaticola","0","0.0","0.0","0.0","0","157.594","0.0","12.1428","0.0","0.0","0.0","0.0","0.0","0.0","0.0","0.0","0.0","0.0","0.0","0.0","0.0","0.0","0.0","0.0","0.0"
"Boehmiella","0","0.0","0.0","0.0","0","2672.8704","0.0","97.7434","0.0","0.0","0.0","0.0","0.0","0.0","0.0","1597.0128","0.0","46.4597","0.0","0.0","0.0","0.0","0.0","0.0","0.0"
"Bolbonema","0","0.0","0.0","1.8","3","1.061","0.0354","0.2854","0.3208","0.0","0.3208","0.0","0.0","0.0","0.0","0.0","0.0","0.0","0.0","0.0","0.0","0.0","0.0","0.0","0.0"
"Boleodorus","1","0.0","0.0","0.0","2","0.1001","0.005","0.0479","0.0529","0.0","0.0","0.0529","0.0","0.0","0.0","0.0067","3.0E-4","0.0024","0.0027","0.0","0.0","0.0027","0.0","0.0","0.0"
"Boomerangia","1","0.0","0.0","0.0","2","0.0864","0.0043","0.0429","0.0472","0.0","0.0","0.0472","0.0","0.0","0.0","0.0336","0.0017","0.0128","0.0145","0.0","0.0","0.0145","0.0","0.0","0.0"
"Boreolaimus","8","0.0","0.0","3.2","4","2.9679","0.0742","0.5951","0.6693","0.0","0.6693","0.0","0.0","0.0","0.6693","0.6531","0.0163","0.1151","0.1313","0.0","0.1313","0.0","0.0","0.0","0.1313"
"Brachonchulus","5","0.0","0.0","3.2","4","1.0985","0.0275","0.2929","0.3204","0.0","0.3204","0.0","0.0","0.0","0.3204","0.0087","2.0E-4","0.0017","0.002","0.0","0.002","0.0","0.0","0.0","0.002"
"Brachydorus","1","0.0","0.0","0.0","3","0.974","0.0325","0.2624","0.2949","0.0","0.0","0.2949","0.0","0.0","0.0","0.3257","0.0109","0.0655","0.0764","0.0","0.0","0.0764","0.0","0.0","0.0"
"Bradynema","0","0.0","0.0","0.0","0","0.0923","0.0","0.0457","0.0","0.0","0.0","0.0","0.0","0.0","0.0","0.0","0.0","0.0","0.0","0.0","0.0","0.0","0.0","0.0","0.0"
"Brasilaimus","5","0.0","0.0","5.0","5","3.98","0.0796","0.7693","0.8489","0.0","0.8489","0.0","0.0","0.0","0.8489","0.029","6.0E-4","0.0042","0.0048","0.0","0.0048","0.0","0.0","0.0","0.0048"
"Buckleyatractis","0","0.0","0.0","0.0","0","1318.0917","0.0","59.7203","0.0","0.0","0.0","0.0","0.0","0.0","0.0","0.0","0.0","0.0","0.0","0.0","0.0","0.0","0.0","0.0","0.0"
"Bunonema","3","0.0","3.2","0.0","1","0.0642","0.0064","0.0344","0.0408","0.0408","0.0","0.0","0.0","0.0408","0.0","0.0076","8.0E-4","0.0031","0.0038","0.0038","0.0","0.0","0.0","0.0038","0.0"
"Bursaphelenchus","2","0.8","0.8","0.0","2","0.2589","0.0129","0.0964","0.1093","0.1093","0.0","0.0","0.1093","0.0","0.0","0.0224","0.0011","0.0056","0.0067","0.0067","0.0","0.0","0.0067","0.0","0.0"
"Bursilla","3","0.0","3.2","0.0","1","0.4491","0.0449","0.1476","0.1925","0.1925","0.0","0.0","0.0","0.1925","0.0","0.0952","0.0095","0.0246","0.0341","0.0341","0.0","0.0","0.0","0.0341","0.0"
"Butlerius","3","0.0","3.2","0.0","1","1.2103","0.121","0.3025","0.4236","0.4236","0.0","0.0","0.0","0.4236","0.0","0.1663","0.0166","0.0303","0.0469","0.0469","0.0","0.0","0.0","0.0469","0.0"
"Cacopaurus","1","0.0","0.0","0.0","2","0.138","0.0069","0.0618","0.0687","0.0","0.0","0.0687","0.0","0.0","0.0","0.0103","5.0E-4","0.0035","0.004","0.0","0.0","0.004","0.0","0.0","0.0"
"Cactodera","1","0.0","0.0","0.0","3","39.3968","1.3132","4.1914","5.5047","0.0","0.0","5.5047","0.0","0.0","0.0","4.9003","0.1633","0.392","0.5549","0.0","0.0","0.5549","0.0","0.0","0.0"
"Caenorhabditis","3","0.0","3.2","0.0","1","2.0932","0.2093","0.458","0.6673","0.6673","0.0","0.0","0.0","0.6673","0.0","0.7014","0.0701","0.1129","0.183","0.183","0.0","0.0","0.0","0.183","0.0"
"Calcaridorylaimus","8","0.0","0.0","3.2","4","1.7754","0.0444","0.4162","0.4606","0.0","0.4606","0.0","0.0","0.0","0.4606","0.3726","0.0093","0.067","0.0763","0.0","0.0763","0.0","0.0","0.0","0.0763"
"Californidorus","8","0.0","0.0","3.2","4","3.5012","0.0875","0.688","0.7756","0.0","0.7756","0.0","0.0","0.0","0.7756","0.7847","0.0196","0.1198","0.1394","0.0","0.1394","0.0","0.0","0.0","0.1394"
"Calligyrus","0","0.0","0.0","3.2","4","0.2091","0.0052","0.0844","0.0897","0.0","0.0897","0.0","0.0","0.0","0.0","0.0","0.0","0.0","0.0","0.0","0.0","0.0","0.0","0.0","0.0"
"Calolaimus","8","0.0","0.0","3.2","4","11.335","0.2834","1.6865","1.9698","0.0","1.9698","0.0","0.0","0.0","1.9698","0.0","0.0","0.0","0.0","0.0","0.0","0.0","0.0","0.0","0.0"
"Caloosia","1","0.0","0.0","0.0","3","0.7261","0.0242","0.2092","0.2334","0.0","0.0","0.2334","0.0","0.0","0.0","0.1082","0.0036","0.0247","0.0283","0.0","0.0","0.0283","0.0","0.0","0.0"
"Camallanus","0","0.0","0.0","0.0","0","415.6144","0.0","24.7892","0.0","0.0","0.0","0.0","0.0","0.0","0.0","109.0847","0.0","4.9993","0.0","0.0","0.0","0.0","0.0","0.0","0.0"
"Campbellenchus","1","0.0","0.0","0.0","2","0.393","0.0197","0.135","0.1546","0.0","0.0","0.1546","0.0","0.0","0.0","0.0478","0.0024","0.0122","0.0146","0.0","0.0","0.0146","0.0","0.0","0.0"
"Campydora","8","0.0","0.0","3.2","4","0.2789","0.007","0.1048","0.1118","0.0","0.1118","0.0","0.0","0.0","0.1118","0.0","0.0","0.0","0.0","0.0","0.0","0.0","0.0","0.0","0.0"
"Campydoroides","8","0.0","0.0","3.2","4","0.2684","0.0067","0.1018","0.1085","0.0","0.1085","0.0","0.0","0.0","0.1085","0.0","0.0","0.0","0.0","0.0","0.0","0.0","0.0","0.0","0.0"
"Capillaria","0","0.0","0.0","0.0","0","22.5308","0.0","2.8232","0.0","0.0","0.0","0.0","0.0","0.0","0.0","0.0","0.0","0.0","0.0","0.0","0.0","0.0","0.0","0.0","0.0"
"Carcharodiscus","8","0.0","0.0","3.2","4","2.694","0.0674","0.5599","0.6273","0.0","0.6273","0.0","0.0","0.0","0.6273","1.3372","0.0334","0.2167","0.2502","0.0","0.2502","0.0","0.0","0.0","0.2502"
"Carcharolaimus","8","0.0","0.0","3.2","4","3.7271","0.0932","0.7019","0.795","0.0","0.795","0.0","0.0","0.0","0.795","1.4548","0.0364","0.2104","0.2467","0.0","0.2467","0.0","0.0","0.0","0.2467"
"Carphodorus","1","0.0","0.0","0.0","3","0.5739","0.0191","0.18","0.1991","0.0","0.0","0.1991","0.0","0.0","0.0","0.0","0.0","0.0","0.0","0.0","0.0","0.0","0.0","0.0","0.0"
"Caveonchus","2","0.0","0.0","3.2","4","0.5093","0.0127","0.1634","0.1762","0.0","0.1762","0.0","0.1762","0.0","0.0","0.0542","0.0014","0.0129","0.0143","0.0","0.0143","0.0","0.0143","0.0","0.0"
"Caviputa","3","0.0","0.0","3.2","4","0.0977","0.0024","0.0477","0.0501","0.0","0.0501","0.0","0.0","0.0501","0.0","0.0","0.0","0.0","0.0","0.0","0.0","0.0","0.0","0.0","0.0"
"Cephalenchus","1","0.0","0.0","0.0","2","0.1159","0.0058","0.0536","0.0594","0.0","0.0","0.0594","0.0","0.0","0.0","0.008","4.0E-4","0.0027","0.0031","0.0","0.0","0.0031","0.0","0.0","0.0"
"Cephalobellus","0","0.0","0.0","0.0","0","296.4959","0.0","17.3176","0.0","0.0","0.0","0.0","0.0","0.0","0.0","81.6155","0.0","3.5177","0.0","0.0","0.0","0.0","0.0","0.0","0.0"
"Cephalobus","3","0.8","0.0","0.0","2","0.2662","0.0133","0.0995","0.1128","0.0","0.0","0.0","0.0","0.1128","0.0","0.0397","0.002","0.0117","0.0137","0.0","0.0","0.0","0.0","0.0137","0.0"
"Cephalodorylaimus","2","0.0","0.0","3.2","4","0.4888","0.0122","0.1596","0.1718","0.0","0.1718","0.0","0.1718","0.0","0.0","0.0","0.0","0.0","0.0","0.0","0.0","0.0","0.0","0.0","0.0"
"Ceramonema","0","0.0","0.0","1.8","3","0.5612","0.0187","0.1689","0.1876","0.0","0.1876","0.0","0.0","0.0","0.0","0.1686","0.0056","0.0351","0.0407","0.0","0.0407","0.0","0.0","0.0","0.0"
"Ceratoplectus","3","0.8","0.0","0.0","2","0.4622","0.0231","0.1452","0.1683","0.0","0.0","0.0","0.0","0.1683","0.0","0.1963","0.0098","0.0483","0.0581","0.0","0.0","0.0","0.0","0.0581","0.0"
"Cerviconema","8","0.0","0.0","5.0","5","2.3257","0.0465","0.5141","0.5606","0.0","0.5606","0.0","0.0","0.0","0.5606","0.0","0.0","0.0","0.0","0.0","0.0","0.0","0.0","0.0","0.0"
"Cervidellus","3","0.8","0.0","0.0","2","0.1743","0.0087","0.0706","0.0793","0.0","0.0","0.0","0.0","0.0793","0.0","0.0425","0.0021","0.0125","0.0147","0.0","0.0","0.0","0.0","0.0147","0.0"
"Cervoannulatus","1","0.0","0.0","0.0","2","0.0738","0.0037","0.0386","0.0423","0.0","0.0","0.0423","0.0","0.0","0.0","0.0","0.0","0.0","0.0","0.0","0.0","0.0","0.0","0.0","0.0"
"Cervonema","0","0.0","0.0","1.8","3","1.7548","0.0585","0.3771","0.4356","0.0","0.4356","0.0","0.0","0.0","0.0","0.9845","0.0328","0.1741","0.2069","0.0","0.2069","0.0","0.0","0.0","0.0"
"Chaetonema","0","0.8","0.0","0.0","2","1.4776","0.0739","0.3659","0.4398","0.0","0.0","0.0","0.0","0.0","0.0","0.0","0.0","0.0","0.0","0.0","0.0","0.0","0.0","0.0","0.0"
"Cheironchus","0","0.0","0.0","3.2","4","11.0082","0.2752","1.6441","1.9193","0.0","1.9193","0.0","0.0","0.0","0.0","2.1223","0.0531","0.239","0.2921","0.0","0.2921","0.0","0.0","0.0","0.0"
"Chilenchus","1","0.0","0.0","0.0","2","0.1049","0.0052","0.0503","0.0556","0.0","0.0","0.0556","0.0","0.0","0.0","0.0","0.0","0.0","0.0","0.0","0.0","0.0","0.0","0.0","0.0"
"Chiloplacoides","3","0.8","0.0","0.0","2","0.7335","0.0367","0.2164","0.253","0.0","0.0","0.0","0.0","0.253","0.0","0.0","0.0","0.0","0.0","0.0","0.0","0.0","0.0","0.0","0.0"
"Chiloplacus","3","0.8","0.0","0.0","2","0.5343","0.0267","0.1652","0.1919","0.0","0.0","0.0","0.0","0.1919","0.0","0.0778","0.0039","0.0184","0.0222","0.0","0.0","0.0","0.0","0.0222","0.0"
"Chiloplectus","3","0.8","0.0","0.0","2","0.6017","0.0301","0.1746","0.2047","0.0","0.0","0.0","0.0","0.2047","0.0","0.1497","0.0075","0.0362","0.0437","0.0","0.0","0.0","0.0","0.0437","0.0"
"Chitwoodiellus","2","0.0","0.0","3.2","4","0.9295","0.0232","0.2584","0.2817","0.0","0.2817","0.0","0.2817","0.0","0.0","0.0","0.0","0.0","0.0","0.0","0.0","0.0","0.0","0.0","0.0"
"Chitwoodius","2","0.0","0.0","3.2","4","3.4438","0.0861","0.6789","0.765","0.0","0.765","0.0","0.765","0.0","0.0","0.4435","0.0111","0.0655","0.0765","0.0","0.0765","0.0","0.0765","0.0","0.0"
"Choanolaimus","5","0.0","0.0","3.2","4","9.4102","0.2353","1.4637","1.6989","0.0","1.6989","0.0","0.0","0.0","1.6989","1.4102","0.0353","0.1651","0.2003","0.0","0.2003","0.0","0.0","0.0","0.2003"
"Chromadorina","3","0.0","0.0","1.8","3","0.3964","0.0132","0.1346","0.1478","0.0","0.1478","0.0","0.0","0.1478","0.0","0.0717","0.0024","0.0187","0.0211","0.0","0.0211","0.0","0.0","0.0211","0.0"
"Chromadorita","6","0.0","0.0","1.8","3","1.2804","0.0427","0.3286","0.3713","0.0","0.3713","0.0","0.0","0.0","0.0","0.0235","8.0E-4","0.0045","0.0053","0.0","0.0053","0.0","0.0","0.0","0.0"
"Chromadoropsis","0","0.0","0.0","1.8","3","6.4574","0.2152","1.1059","1.3211","0.0","1.3211","0.0","0.0","0.0","0.0","0.0","0.0","0.0","0.0","0.0","0.0","0.0","0.0","0.0","0.0"
"Chromaspirina","0","0.0","0.0","1.8","3","3.8959","0.1299","0.7499","0.8798","0.0","0.8798","0.0","0.0","0.0","0.0","1.2172","0.0406","0.1783","0.2189","0.0","0.2189","0.0","0.0","0.0","0.0"
"Chronogaster","3","0.0","0.0","1.8","3","0.3276","0.0109","0.1155","0.1264","0.0","0.1264","0.0","0.0","0.1264","0.0","0.0383","0.0013","0.0103","0.0115","0.0","0.0115","0.0","0.0","0.0115","0.0"
"Chrysodorus","8","0.0","0.0","3.2","4","7.7073","0.1927","1.2628","1.4555","0.0","1.4555","0.0","0.0","0.0","1.4555","0.0","0.0","0.0","0.0","0.0","0.0","0.0","0.0","0.0","0.0"
"Chrysonema","8","0.0","0.0","3.2","4","1.4404","0.036","0.3556","0.3916","0.0","0.3916","0.0","0.0","0.0","0.3916","0.2594","0.0065","0.0488","0.0552","0.0","0.0552","0.0","0.0","0.0","0.0552"
"Chrysonemoides","8","0.0","0.0","3.2","4","0.9833","0.0246","0.2696","0.2942","0.0","0.2942","0.0","0.0","0.0","0.2942","0.0","0.0","0.0","0.0","0.0","0.0","0.0","0.0","0.0","0.0"
"Chylorhabditis","3","0.0","3.2","0.0","1","3.5797","0.358","0.7105","1.0684","1.0684","0.0","0.0","0.0","1.0684","0.0","0.0","0.0","0.0","0.0","0.0","0.0","0.0","0.0","0.0","0.0"
"Cienfuegia","0","0.8","0.0","0.0","2","1.5271","0.0764","0.375","0.4514","0.0","0.0","0.0","0.0","0.0","0.0","0.0","0.0","0.0","0.0","0.0","0.0","0.0","0.0","0.0","0.0"
"Clarkus","5","0.0","0.0","3.2","4","3.897","0.0974","0.7217","0.8191","0.0","0.8191","0.0","0.0","0.0","0.8191","0.9688","0.0242","0.131","0.1552","0.0","0.1552","0.0","0.0","0.0","0.1552"
"Clavicaudoides","5","0.0","0.0","5.0","5","0.3511","0.007","0.1245","0.1315","0.0","0.1315","0.0","0.0","0.0","0.1315","4.0E-4","0.0","1.0E-4","1.0E-4","0.0","1.0E-4","0.0","0.0","0.0","1.0E-4"
"Cloacina","0","0.0","0.0","0.0","0","1637.6231","0.0","64.6758","0.0","0.0","0.0","0.0","0.0","0.0","0.0","497.223","0.0","16.3323","0.0","0.0","0.0","0.0","0.0","0.0","0.0"
"Coarctadera","3","0.0","3.2","0.0","1","6.6187","0.6619","1.1072","1.769","1.769","0.0","0.0","0.0","1.769","0.0","1.0639","0.1064","0.1418","0.2481","0.2481","0.0","0.0","0.0","0.2481","0.0"
"Cobbionema","0","0.0","0.0","1.8","3","4.0126","0.1338","0.6918","0.8256","0.0","0.8256","0.0","0.0","0.0","0.0","2.4053","0.0802","0.3434","0.4234","0.0","0.4234","0.0","0.0","0.0","0.0"
"Cobbonchus","5","0.0","0.0","3.2","4","4.1034","0.1026","0.7169","0.8195","0.0","0.8195","0.0","0.0","0.0","0.8195","3.5283","0.0882","0.5366","0.6248","0.0","0.6248","0.0","0.0","0.0","0.6248"
"Contracaecum","0","0.0","0.0","0.0","0","43036.2139","0.0","747.8014","0.0","0.0","0.0","0.0","0.0","0.0","0.0","23615.7958","0.0","301.4988","0.0","0.0","0.0","0.0","0.0","0.0","0.0"
"Coomansinema","8","0.0","0.0","5.0","5","3.2547","0.0651","0.6608","0.7259","0.0","0.7259","0.0","0.0","0.0","0.7259","0.3471","0.0069","0.0529","0.0599","0.0","0.0599","0.0","0.0","0.0","0.0599"
"Coomansinemoides","8","0.0","0.0","5.0","5","0.6104","0.0122","0.1885","0.2007","0.0","0.2007","0.0","0.0","0.0","0.2007","0.0","0.0","0.0","0.0","0.0","0.0","0.0","0.0","0.0","0.0"
"Coomansus","5","0.0","0.0","3.2","4","6.5123","0.1628","1.0083","1.1711","0.0","1.1711","0.0","0.0","0.0","1.1711","2.0714","0.0518","0.233","0.2845","0.0","0.2845","0.0","0.0","0.0","0.2845"
"Copemania","0","0.0","0.0","0.0","0","12.8701","0.0","1.855","0.0","0.0","0.0","0.0","0.0","0.0","0.0","0.0","0.0","0.0","0.0","0.0","0.0","0.0","0.0","0.0","0.0"
"Cornilaimus","3","0.8","0.0","0.0","2","1.2056","0.0603","0.3141","0.3744","0.0","0.0","0.0","0.0","0.3744","0.0","0.0","0.0","0.0","0.0","0.0","0.0","0.0","0.0","0.0","0.0"
"Cornurella","0","0.0","0.0","1.8","3","1.2735","0.0425","0.3273","0.3697","0.0","0.3697","0.0","0.0","0.0","0.0","0.0","0.0","0.0","0.0","0.0","0.0","0.0","0.0","0.0","0.0"
"Corpicracens","0","0.0","0.0","0.0","0","35.7237","0.0","3.9891","0.0","0.0","0.0","0.0","0.0","0.0","0.0","0.0","0.0","0.0","0.0","0.0","0.0","0.0","0.0","0.0","0.0"
"Coslenchus","1","0.0","0.0","0.0","2","0.0999","0.005","0.0481","0.0531","0.0","0.0","0.0531","0.0","0.0","0.0","0.0043","2.0E-4","0.0016","0.0018","0.0","0.0","0.0018","0.0","0.0","0.0"
"Cosmocephalus","0","0.0","0.0","0.0","0","671.6292","0.0","36.0172","0.0","0.0","0.0","0.0","0.0","0.0","0.0","0.0","0.0","0.0","0.0","0.0","0.0","0.0","0.0","0.0","0.0"
"Craspedonema","3","0.0","3.2","0.0","1","0.2535","0.0254","0.0975","0.1229","0.1229","0.0","0.0","0.0","0.1229","0.0","0.0","0.0","0.0","0.0","0.0","0.0","0.0","0.0","0.0","0.0"
"Crassolabium","8","0.0","0.0","3.2","4","1.734","0.0433","0.4068","0.4502","0.0","0.4502","0.0","0.0","0.0","0.4502","0.1642","0.0041","0.032","0.0361","0.0","0.0361","0.0","0.0","0.0","0.0361"
"Crateronema","8","0.0","0.0","3.2","4","0.3302","0.0083","0.1189","0.1272","0.0","0.1272","0.0","0.0","0.0","0.1272","0.0","0.0","0.0","0.0","0.0","0.0","0.0","0.0","0.0","0.0"
"Crenopharynx","0","0.0","0.0","3.2","4","174.6886","4.3672","12.9671","17.3343","0.0","17.3343","0.0","0.0","0.0","0.0","34.2864","0.8572","1.9602","2.8172","0.0","2.8172","0.0","0.0","0.0","0.0"
"Crenosoma","0","0.0","0.0","0.0","0","82.6232","0.0","7.4815","0.0","0.0","0.0","0.0","0.0","0.0","0.0","0.0","0.0","0.0","0.0","0.0","0.0","0.0","0.0","0.0","0.0"
"Cribronema","3","0.8","0.0","0.0","2","0.0393","0.002","0.0241","0.026","0.0","0.0","0.0","0.0","0.026","0.0","0.0031","2.0E-4","0.0014","0.0016","0.0","0.0","0.0","0.0","0.0016","0.0"
"Cricodorylaimus","2","0.0","0.0","3.2","4","0.5346","0.0134","0.1707","0.184","0.0","0.184","0.0","0.184","0.0","0.0","0.0","0.0","0.0","0.0","0.0","0.0","0.0","0.0","0.0","0.0"
"Cricolaimus","0","0.0","0.0","1.8","3","1.6938","0.0565","0.4053","0.4618","0.0","0.4618","0.0","0.0","0.0","0.0","0.0","0.0","0.0","0.0","0.0","0.0","0.0","0.0","0.0","0.0"
"Criconema","1","0.0","0.0","0.0","3","0.6589","0.022","0.1932","0.2152","0.0","0.0","0.2152","0.0","0.0","0.0","0.0804","0.0027","0.0188","0.0215","0.0","0.0","0.0215","0.0","0.0","0.0"
"Criconemoides","1","0.0","0.0","0.0","3","0.6451","0.0215","0.1854","0.2069","0.0","0.0","0.2069","0.0","0.0","0.0","0.1055","0.0035","0.0231","0.0266","0.0","0.0","0.0266","0.0","0.0","0.0"
"Crocodorylaimus","8","0.0","0.0","3.2","4","2.2168","0.0554","0.4875","0.5429","0.0","0.5429","0.0","0.0","0.0","0.5429","0.5825","0.0146","0.0938","0.1083","0.0","0.1083","0.0","0.0","0.0","0.1083"
"Croconema","0","0.0","0.0","1.8","3","5.9078","0.1969","1.0085","1.2054","0.0","1.2054","0.0","0.0","0.0","0.0","2.9635","0.0988","0.3948","0.4936","0.0","0.4936","0.0","0.0","0.0","0.0"
"Croserinema","1","0.0","0.0","0.0","3","1.6384","0.0546","0.3954","0.45","0.0","0.0","0.45","0.0","0.0","0.0","0.0","0.0","0.0","0.0","0.0","0.0","0.0","0.0","0.0","0.0"
"Crossonema","1","0.0","0.0","0.0","3","0.9987","0.0333","0.2696","0.3029","0.0","0.0","0.3029","0.0","0.0","0.0","0.1608","0.0054","0.0322","0.0376","0.0","0.0","0.0376","0.0","0.0","0.0"
"Crustorhabditis","3","0.0","3.2","0.0","1","14.9151","1.4915","1.7115","3.203","3.203","0.0","0.0","0.0","3.203","0.0","7.2624","0.7262","0.6965","1.4217","1.4217","0.0","0.0","0.0","1.4217","0.0"
"Cruznema","3","0.0","3.2","0.0","1","3.7096","0.371","0.6517","1.0226","1.0226","0.0","0.0","0.0","1.0226","0.0","2.2882","0.2288","0.3276","0.5559","0.5559","0.0","0.0","0.0","0.5559","0.0"
"Cryphodera","1","0.0","0.0","0.0","3","9.3356","0.3112","1.4147","1.7259","0.0","0.0","1.7259","0.0","0.0","0.0","1.9334","0.0644","0.205","0.2693","0.0","0.0","0.2693","0.0","0.0","0.0"
"Cryptaphelenchus","2","0.8","0.8","0.0","2","0.0487","0.0024","0.0277","0.0301","0.0301","0.0","0.0","0.0301","0.0","0.0","0.0154","8.0E-4","0.0069","0.0076","0.0076","0.0","0.0","0.0076","0.0","0.0"
"Cryptonchus","3","0.0","0.0","3.2","4","1.5389","0.0385","0.3772","0.4157","0.0","0.4157","0.0","0.0","0.4157","0.0","0.0","0.0","0.0","0.0","0.0","0.0","0.0","0.0","0.0","0.0"
"Cucullanus","0","0.0","0.0","0.0","0","2816.1417","0.0","97.52","0.0","0.0","0.0","0.0","0.0","0.0","0.0","1365.7405","0.0","33.8273","0.0","0.0","0.0","0.0","0.0","0.0","0.0"
"Cucullitylenchus","1","0.0","0.0","0.0","2","0.0407","0.002","0.0247","0.0268","0.0","0.0","0.0268","0.0","0.0","0.0","0.0","0.0","0.0","0.0","0.0","0.0","0.0","0.0","0.0","0.0"
"Curviditis","3","0.0","3.2","0.0","1","3.7878","0.3788","0.727","1.1058","1.1058","0.0","0.0","0.0","1.1058","0.0","1.1017","0.1102","0.1706","0.2807","0.2807","0.0","0.0","0.0","0.2807","0.0"
"Curvidorylaimus","2","0.0","0.0","3.2","4","6.4042","0.1601","1.099","1.2591","0.0","1.2591","0.0","1.2591","0.0","0.0","0.0","0.0","0.0","0.0","0.0","0.0","0.0","0.0","0.0","0.0"
"Cuticularia","3","0.0","3.2","0.0","1","1.1719","0.1172","0.3074","0.4246","0.4246","0.0","0.0","0.0","0.4246","0.0","0.0646","0.0065","0.0127","0.0192","0.0192","0.0","0.0","0.0","0.0192","0.0"
"Cutidiplogaster","8","0.0","3.2","0.0","1","3.0266","0.3027","0.6264","0.9291","0.9291","0.0","0.0","0.0","0.0","0.9291","0.0","0.0","0.0","0.0","0.0","0.0","0.0","0.0","0.0","0.0"
"Cyathoshiva","0","0.0","0.0","1.8","3","0.5185","0.0173","0.1668","0.1841","0.0","0.1841","0.0","0.0","0.0","0.0","0.0","0.0","0.0","0.0","0.0","0.0","0.0","0.0","0.0","0.0"
"Cygnonema","0","0.0","0.0","3.2","4","2.4502","0.0613","0.5286","0.5898","0.0","0.5898","0.0","0.0","0.0","0.0","0.8396","0.021","0.1383","0.1593","0.0","0.1593","0.0","0.0","0.0","0.0"
"Cylindrolaimus","3","0.0","0.0","1.8","3","0.4541","0.0151","0.1391","0.1542","0.0","0.1542","0.0","0.0","0.1542","0.0","0.1835","0.0061","0.0431","0.0492","0.0","0.0492","0.0","0.0","0.0492","0.0"
"Cylindrotheristus","3","0.8","0.0","0.0","2","0.3351","0.0168","0.117","0.1337","0.0","0.0","0.0","0.0","0.1337","0.0","0.1747","0.0087","0.0478","0.0565","0.0","0.0","0.0","0.0","0.0565","0.0"
"Dagda","3","0.0","0.0","1.8","3","4.4144","0.1471","0.8314","0.9786","0.0","0.9786","0.0","0.0","0.9786","0.0","0.0","0.0","0.0","0.0","0.0","0.0","0.0","0.0","0.0","0.0"
"Daptonema","3","0.8","0.0","0.0","2","1.9292","0.0965","0.4004","0.4969","0.0","0.0","0.0","0.0","0.4969","0.0","1.4563","0.0728","0.2456","0.3184","0.0","0.0","0.0","0.0","0.3184","0.0"
"Dasynemella","0","0.0","0.0","1.8","3","0.473","0.0158","0.1557","0.1715","0.0","0.1715","0.0","0.0","0.0","0.0","0.0","0.0","0.0","0.0","0.0","0.0","0.0","0.0","0.0","0.0"
"Dasynemoides","0","0.0","0.0","1.8","3","1.0201","0.034","0.2541","0.2881","0.0","0.2881","0.0","0.0","0.0","0.0","0.8553","0.0285","0.1835","0.212","0.0","0.212","0.0","0.0","0.0","0.0"
"Deficephalobus","3","0.8","0.0","0.0","2","0.2947","0.0147","0.1055","0.1202","0.0","0.0","0.0","0.0","0.1202","0.0","0.1314","0.0066","0.0353","0.0419","0.0","0.0","0.0","0.0","0.0419","0.0"
"Deladenus","2","0.8","0.8","0.0","2","0.9758","0.0488","0.2455","0.2943","0.2943","0.0","0.0","0.2943","0.0","0.0","0.2294","0.0115","0.0464","0.0579","0.0579","0.0","0.0","0.0579","0.0","0.0"
"Delatylus","2","0.8","0.8","0.0","2","0.3144","0.0157","0.1146","0.1303","0.1303","0.0","0.0","0.1303","0.0","0.0","0.0","0.0","0.0","0.0","0.0","0.0","0.0","0.0","0.0","0.0"
"Deletrocephalus","0","0.0","0.0","0.0","0","991.7299","0.0","48.2456","0.0","0.0","0.0","0.0","0.0","0.0","0.0","0.0","0.0","0.0","0.0","0.0","0.0","0.0","0.0","0.0","0.0"
"Deleyia","3","0.0","3.2","0.0","1","0.1862","0.0186","0.0771","0.0957","0.0957","0.0","0.0","0.0","0.0957","0.0","0.0364","0.0036","0.0114","0.015","0.015","0.0","0.0","0.0","0.015","0.0"
"Demaniella","3","0.0","3.2","0.0","1","0.973","0.0973","0.2629","0.3602","0.3602","0.0","0.0","0.0","0.3602","0.0","0.4046","0.0405","0.0842","0.1247","0.1247","0.0","0.0","0.0","0.1247","0.0"
"Deontolaimus","3","0.0","0.0","1.8","3","0.1906","0.0064","0.078","0.0844","0.0","0.0844","0.0","0.0","0.0844","0.0","0.0597","0.002","0.0186","0.0206","0.0","0.0206","0.0","0.0","0.0206","0.0"
"Deontostoma","0","0.0","0.0","1.8","3","5978.1916","199.2731","185.6051","384.8782","0.0","384.8782","0.0","0.0","0.0","0.0","0.0","0.0","0.0","0.0","0.0","0.0","0.0","0.0","0.0","0.0"
"Desmodora","0","0.8","0.0","0.0","2","2.4526","0.1226","0.5097","0.6323","0.0","0.0","0.0","0.0","0.0","0.0","0.7393","0.037","0.1228","0.1597","0.0","0.0","0.0","0.0","0.0","0.0"
"Desmodorella","0","0.0","0.0","1.8","3","1.2452","0.0415","0.3211","0.3627","0.0","0.3627","0.0","0.0","0.0","0.0","0.1326","0.0044","0.0254","0.0298","0.0","0.0298","0.0","0.0","0.0","0.0"
"Desmolaimus","0","0.8","0.0","0.0","2","2.8197","0.141","0.594","0.735","0.0","0.0","0.0","0.0","0.0","0.0","0.0","0.0","0.0","0.0","0.0","0.0","0.0","0.0","0.0","0.0"
"Desmoscolex","0","0.0","0.0","3.2","4","0.2422","0.0061","0.0882","0.0942","0.0","0.0942","0.0","0.0","0.0","0.0","0.1018","0.0025","0.0271","0.0297","0.0","0.0297","0.0","0.0","0.0","0.0"
"Desmotersia","0","0.0","0.0","1.8","3","8.0116","0.2671","1.3","1.5671","0.0","1.5671","0.0","0.0","0.0","0.0","0.0","0.0","0.0","0.0","0.0","0.0","0.0","0.0","0.0","0.0"
"Desmotricoma","0","0.0","0.0","3.2","4","0.293","0.0073","0.1087","0.116","0.0","0.116","0.0","0.0","0.0","0.0","0.0","0.0","0.0","0.0","0.0","0.0","0.0","0.0","0.0","0.0"
"Devibursaphelenchus","2","0.8","0.8","0.0","2","0.2166","0.0108","0.0828","0.0937","0.0937","0.0","0.0","0.0937","0.0","0.0","0.1035","0.0052","0.031","0.0362","0.0362","0.0","0.0","0.0362","0.0","0.0"
"Diastolaimus","3","0.8","0.0","0.0","2","0.9187","0.0459","0.2537","0.2996","0.0","0.0","0.0","0.0","0.2996","0.0","0.2092","0.0105","0.0437","0.0541","0.0","0.0","0.0","0.0","0.0541","0.0"
"Dicelis","0","0.0","0.0","0.0","0","42.2807","0.0","4.4809","0.0","0.0","0.0","0.0","0.0","0.0","0.0","8.4308","0.0","0.655","0.0","0.0","0.0","0.0","0.0","0.0","0.0"
"Dichromadora","0","0.8","0.0","0.0","2","0.3833","0.0192","0.1214","0.1406","0.0","0.0","0.0","0.0","0.0","0.0","0.1922","0.0096","0.0448","0.0543","0.0","0.0","0.0","0.0","0.0","0.0"
"Dintheria","3","0.0","0.0","1.8","3","0.271","0.009","0.1025","0.1116","0.0","0.1116","0.0","0.0","0.1116","0.0","0.0","0.0","0.0","0.0","0.0","0.0","0.0","0.0","0.0","0.0"
"Dioctowittus","0","0.0","0.0","0.0","0","1510.1463","0.0","66.1343","0.0","0.0","0.0","0.0","0.0","0.0","0.0","0.0","0.0","0.0","0.0","0.0","0.0","0.0","0.0","0.0","0.0"
"Diphtherophora","2","0.0","0.0","1.8","3","0.5039","0.0168","0.1614","0.1782","0.0","0.1782","0.0","0.1782","0.0","0.0","0.0852","0.0028","0.0196","0.0225","0.0","0.0225","0.0","0.0225","0.0","0.0"
"Diplenteron","3","0.0","3.2","0.0","1","4.4273","0.4427","0.8332","1.2759","1.2759","0.0","0.0","0.0","1.2759","0.0","0.1067","0.0107","0.0151","0.0257","0.0257","0.0","0.0","0.0","0.0257","0.0"
"Diplogaster","3","0.0","3.2","0.0","1","1.8857","0.1886","0.4393","0.6279","0.6279","0.0","0.0","0.0","0.6279","0.0","0.0366","0.0037","0.0064","0.0101","0.0101","0.0","0.0","0.0","0.0101","0.0"
"Diplogasteriana","3","0.0","3.2","0.0","1","1.6042","0.1604","0.3891","0.5496","0.5496","0.0","0.0","0.0","0.5496","0.0","0.0","0.0","0.0","0.0","0.0","0.0","0.0","0.0","0.0","0.0"
"Diplogasteritus","3","0.0","3.2","0.0","1","0.6306","0.0631","0.1922","0.2552","0.2552","0.0","0.0","0.0","0.2552","0.0","0.0655","0.0066","0.0152","0.0217","0.0217","0.0","0.0","0.0","0.0217","0.0"
"Diplogasteroides","3","0.0","3.2","0.0","1","0.8016","0.0802","0.2304","0.3105","0.3105","0.0","0.0","0.0","0.3105","0.0","0.0811","0.0081","0.0175","0.0256","0.0256","0.0","0.0","0.0","0.0256","0.0"
"Diplogastrellus","3","0.0","3.2","0.0","1","0.2012","0.0201","0.0817","0.1019","0.1019","0.0","0.0","0.0","0.1019","0.0","0.0387","0.0039","0.0118","0.0157","0.0157","0.0","0.0","0.0","0.0157","0.0"
"Diplolaimella","0","0.8","0.0","0.0","2","0.1773","0.0089","0.0746","0.0835","0.0","0.0","0.0","0.0","0.0","0.0","0.0","0.0","0.0","0.0","0.0","0.0","0.0","0.0","0.0","0.0"
"Diplolaimelloides","0","0.8","0.0","0.0","2","0.3867","0.0193","0.1299","0.1493","0.0","0.0","0.0","0.0","0.0","0.0","0.0665","0.0033","0.0161","0.0194","0.0","0.0","0.0","0.0","0.0","0.0"
"Diplopeltoides","0","0.0","0.0","1.8","3","0.8964","0.0299","0.2478","0.2777","0.0","0.2777","0.0","0.0","0.0","0.0","0.2609","0.0087","0.0535","0.0622","0.0","0.0622","0.0","0.0","0.0","0.0"
"Diplopeltula","0","0.0","0.0","1.8","3","2.9957","0.0999","0.5268","0.6266","0.0","0.6266","0.0","0.0","0.0","0.0","1.9682","0.0656","0.2713","0.3366","0.0","0.3366","0.0","0.0","0.0","0.0"
"Diploscapter","3","0.0","3.2","0.0","1","0.2569","0.0257","0.093","0.1187","0.1187","0.0","0.0","0.0","0.1187","0.0","0.0476","0.0048","0.0134","0.0181","0.0181","0.0","0.0","0.0","0.0181","0.0"
"Diploscapteroides","3","0.0","3.2","0.0","1","0.2923","0.0292","0.1085","0.1378","0.1378","0.0","0.0","0.0","0.1378","0.0","0.0","0.0","0.0","0.0","0.0","0.0","0.0","0.0","0.0","0.0"
"Diplotriaena","0","0.0","0.0","0.0","0","24900.03","0.0","539.8234","0.0","0.0","0.0","0.0","0.0","0.0","0.0","4004.53","0.0","65.3606","0.0","0.0","0.0","0.0","0.0","0.0","0.0"
"Discocriconemella","1","0.0","0.0","0.0","3","0.3381","0.0113","0.1125","0.1238","0.0","0.0","0.1238","0.0","0.0","0.0","0.1218","0.0041","0.0304","0.0344","0.0","0.0","0.0344","0.0","0.0","0.0"
"Discolaimium","8","0.0","0.0","3.2","4","1.191","0.0298","0.2925","0.3223","0.0","0.3223","0.0","0.0","0.0","0.3223","0.3867","0.0097","0.0689","0.0786","0.0","0.0786","0.0","0.0","0.0","0.0786"
"Discolaimoides","8","0.0","0.0","3.2","4","1.1883","0.0297","0.3031","0.3328","0.0","0.3328","0.0","0.0","0.0","0.3328","0.2614","0.0065","0.0472","0.0537","0.0","0.0537","0.0","0.0","0.0","0.0537"
"Discolaimus","8","0.0","0.0","3.2","4","2.7182","0.068","0.5524","0.6204","0.0","0.6204","0.0","0.0","0.0","0.6204","0.4759","0.0119","0.0769","0.0888","0.0","0.0888","0.0","0.0","0.0","0.0888"
"Discomyctus","2","0.0","0.0","3.2","4","0.2621","0.0066","0.1","0.1066","0.0","0.1066","0.0","0.1066","0.0","0.0","0.0","0.0","0.0","0.0","0.0","0.0","0.0","0.0","0.0","0.0"
"Discopersicus","1","0.0","0.0","0.0","2","0.1491","0.0075","0.0655","0.0729","0.0","0.0","0.0729","0.0","0.0","0.0","0.0","0.0","0.0","0.0","0.0","0.0","0.0","0.0","0.0","0.0"
"Discotylenchus","1","0.0","0.0","0.0","2","0.0466","0.0023","0.0267","0.0291","0.0","0.0","0.0291","0.0","0.0","0.0","0.0085","4.0E-4","0.0037","0.0041","0.0","0.0","0.0041","0.0","0.0","0.0"
"Distolabrellus","3","0.0","3.2","0.0","1","3.2256","0.3226","0.6437","0.9662","0.9662","0.0","0.0","0.0","0.9662","0.0","0.6832","0.0683","0.11","0.1783","0.1783","0.0","0.0","0.0","0.1783","0.0"
"Ditylenchoides","2","0.8","0.8","0.0","2","0.5652","0.0283","0.1696","0.1979","0.1979","0.0","0.0","0.1979","0.0","0.0","0.1278","0.0064","0.0305","0.0369","0.0369","0.0","0.0","0.0369","0.0","0.0"
"Ditylenchus","2","0.8","0.8","0.0","2","0.401","0.0201","0.1284","0.1485","0.1485","0.0","0.0","0.1485","0.0","0.0","0.0964","0.0048","0.0234","0.0282","0.0282","0.0","0.0","0.0282","0.0","0.0"
"Dolichodera","1","0.0","0.0","0.0","3","7.9961","0.2665","1.2981","1.5647","0.0","0.0","1.5647","0.0","0.0","0.0","0.0","0.0","0.0","0.0","0.0","0.0","0.0","0.0","0.0","0.0"
"Dolichodorus","1","0.0","0.0","0.0","3","2.968","0.0989","0.5958","0.6947","0.0","0.0","0.6947","0.0","0.0","0.0","0.4218","0.0141","0.0646","0.0786","0.0","0.0","0.0786","0.0","0.0","0.0"
"Dolichorhabditis","3","0.0","3.2","0.0","1","1.6031","0.1603","0.3889","0.5492","0.5492","0.0","0.0","0.0","0.5492","0.0","0.0266","0.0027","0.0048","0.0075","0.0075","0.0","0.0","0.0","0.0075","0.0"
"Dolichorhynchus","1","0.0","0.0","0.0","3","0.4987","0.0166","0.1605","0.1771","0.0","0.0","0.1771","0.0","0.0","0.0","0.1116","0.0037","0.0271","0.0308","0.0","0.0","0.0308","0.0","0.0","0.0"
"Domorganus","3","0.0","0.0","1.8","3","1.2559","0.0419","0.2909","0.3328","0.0","0.3328","0.0","0.0","0.3328","0.0","0.4252","0.0142","0.081","0.0951","0.0","0.0951","0.0","0.0","0.0951","0.0"
"Dorydorella","8","0.0","0.0","3.2","4","1.5768","0.0394","0.3816","0.421","0.0","0.421","0.0","0.0","0.0","0.421","0.2286","0.0057","0.0434","0.0491","0.0","0.0491","0.0","0.0","0.0","0.0491"
"Dorylaimellus","1","0.0","0.0","0.0","5","0.3034","0.0061","0.1076","0.1136","0.0","0.0","0.1136","0.0","0.0","0.0","0.0596","0.0012","0.0158","0.017","0.0","0.0","0.017","0.0","0.0","0.0"
"Dorylaimoides","8","0.0","0.0","3.2","4","1.1009","0.0275","0.2909","0.3184","0.0","0.3184","0.0","0.0","0.0","0.3184","0.0866","0.0022","0.0171","0.0193","0.0","0.0193","0.0","0.0","0.0","0.0193"
"Dorylaimopsis","0","0.0","0.0","1.8","3","4.5356","0.1512","0.8431","0.9943","0.0","0.9943","0.0","0.0","0.0","0.0","0.8158","0.0272","0.116","0.1432","0.0","0.1432","0.0","0.0","0.0","0.0"
"Dorylaimus","8","0.0","0.0","3.2","4","42.7653","1.0691","4.2179","5.287","0.0","5.287","0.0","0.0","0.0","5.287","7.9522","0.1988","0.5212","0.7181","0.0","0.7181","0.0","0.0","0.0","0.7181"
"Doryllium","2","0.0","0.0","3.2","4","0.236","0.0059","0.089","0.0949","0.0","0.0949","0.0","0.0949","0.0","0.0","0.0357","9.0E-4","0.0101","0.011","0.0","0.011","0.0","0.011","0.0","0.0"
"Dotylaphus","2","0.8","0.8","0.0","2","0.182","0.0091","0.0761","0.0852","0.0852","0.0","0.0","0.0852","0.0","0.0","0.0","0.0","0.0","0.0","0.0","0.0","0.0","0.0","0.0","0.0"
"Dracograllus","0","0.0","0.0","3.2","4","1.1732","0.0293","0.3077","0.3371","0.0","0.3371","0.0","0.0","0.0","0.0","0.0","0.0","0.0","0.0","0.0","0.0","0.0","0.0","0.0","0.0"
"Drepanodorylaimus","8","0.0","0.0","3.2","4","1.968","0.0492","0.4536","0.5028","0.0","0.5028","0.0","0.0","0.0","0.5028","0.0","0.0","0.0","0.0","0.0","0.0","0.0","0.0","0.0","0.0"
"Drilocephalobus","3","0.8","0.0","0.0","2","0.1005","0.005","0.0483","0.0534","0.0","0.0","0.0","0.0","0.0534","0.0","0.0287","0.0014","0.0105","0.0119","0.0","0.0","0.0","0.0","0.0119","0.0"
"Durikainema","0","0.0","0.0","0.0","0","4.9719","0.0","0.909","0.0","0.0","0.0","0.0","0.0","0.0","0.0","0.0","0.0","0.0","0.0","0.0","0.0","0.0","0.0","0.0","0.0"
"Dystomanema","0","0.0","0.0","1.8","3","2.0411","0.068","0.4632","0.5312","0.0","0.5312","0.0","0.0","0.0","0.0","0.5314","0.0177","0.0914","0.1091","0.0","0.1091","0.0","0.0","0.0","0.0"
"Ecanema","8","0.0","0.0","3.2","4","0.9351","0.0234","0.2596","0.283","0.0","0.283","0.0","0.0","0.0","0.283","0.0","0.0","0.0","0.0","0.0","0.0","0.0","0.0","0.0","0.0"
"Echidnonema","0","0.0","0.0","0.0","0","10443.0023","0.0","282.0211","0.0","0.0","0.0","0.0","0.0","0.0","0.0","0.0","0.0","0.0","0.0","0.0","0.0","0.0","0.0","0.0","0.0"
"Echinodorus","2","0.0","0.0","3.2","4","0.5026","0.0126","0.163","0.1755","0.0","0.1755","0.0","0.1755","0.0","0.0","0.0","0.0","0.0","0.0","0.0","0.0","0.0","0.0","0.0","0.0"
"Ecphyadophora","1","0.0","0.0","0.0","2","0.0199","0.001","0.0144","0.0154","0.0","0.0","0.0154","0.0","0.0","0.0","0.0016","1.0E-4","9.0E-4","0.001","0.0","0.0","0.001","0.0","0.0","0.0"
"Ecphyadophoroides","1","0.0","0.0","0.0","2","0.0366","0.0018","0.0227","0.0245","0.0","0.0","0.0245","0.0","0.0","0.0","0.0104","5.0E-4","0.0049","0.0054","0.0","0.0","0.0054","0.0","0.0","0.0"
"Ecumenicus","8","0.0","0.0","3.2","4","0.6347","0.0159","0.1932","0.2091","0.0","0.2091","0.0","0.0","0.0","0.2091","0.0585","0.0015","0.0133","0.0147","0.0","0.0147","0.0","0.0","0.0","0.0147"
"Egtitus","5","0.0","0.0","5.0","5","4.7133","0.0943","0.8672","0.9615","0.0","0.9615","0.0","0.0","0.0","0.9615","1.2701","0.0254","0.1772","0.2026","0.0","0.2026","0.0","0.0","0.0","0.2026"
"Ektaphelenchoides","5","0.8","0.0","0.0","2","0.1454","0.0073","0.063","0.0703","0.0","0.0","0.0","0.0","0.0","0.0703","0.0304","0.0015","0.0106","0.0121","0.0","0.0","0.0","0.0","0.0","0.0121"
"Ektaphelenchus","5","0.8","0.0","0.0","2","0.2258","0.0113","0.0859","0.0972","0.0","0.0","0.0","0.0","0.0","0.0972","0.0298","0.0015","0.0081","0.0096","0.0","0.0","0.0","0.0","0.0","0.0096"
"Elaphonema","3","0.8","0.0","0.0","2","0.2232","0.0112","0.0864","0.0975","0.0","0.0","0.0","0.0","0.0975","0.0","0.057","0.0029","0.0171","0.0199","0.0","0.0","0.0","0.0","0.0199","0.0"
"Eleutherolaimus","0","0.8","0.0","0.0","2","3.5699","0.1785","0.6264","0.8049","0.0","0.0","0.0","0.0","0.0","0.0","1.3346","0.0667","0.1807","0.2471","0.0","0.0","0.0","0.0","0.0","0.0"
"Enchodeloides","8","0.0","0.0","3.2","4","2.1073","0.0527","0.4775","0.5302","0.0","0.5302","0.0","0.0","0.0","0.5302","0.0","0.0","0.0","0.0","0.0","0.0","0.0","0.0","0.0","0.0"
"Enchodelus","8","0.0","0.0","3.2","4","3.5962","0.0899","0.6964","0.7863","0.0","0.7863","0.0","0.0","0.0","0.7863","0.2665","0.0067","0.0403","0.0469","0.0","0.0469","0.0","0.0","0.0","0.0469"
"Encholaimus","2","0.0","0.0","3.2","4","0.1401","0.0035","0.0625","0.066","0.0","0.066","0.0","0.066","0.0","0.0","0.0","0.0","0.0","0.0","0.0","0.0","0.0","0.0","0.0","0.0"
"Endeolophus","0","0.0","0.0","1.8","3","0.3716","0.0124","0.1299","0.1423","0.0","0.1423","0.0","0.0","0.0","0.0","0.0","0.0","0.0","0.0","0.0","0.0","0.0","0.0","0.0","0.0"
"Enoploides","0","0.8","0.0","0.0","2","212.8895","10.6445","15.2152","25.8597","0.0","0.0","0.0","0.0","0.0","0.0","0.0","0.0","0.0","0.0","0.0","0.0","0.0","0.0","0.0","0.0"
"Enoplolaimus","0","0.8","0.0","0.0","2","3.9861","0.1993","0.7539","0.9532","0.0","0.0","0.0","0.0","0.0","0.0","1.8398","0.092","0.2698","0.3618","0.0","0.0","0.0","0.0","0.0","0.0"
"Enoplus","0","0.8","0.0","0.0","2","98.0185","4.9009","8.496","13.3969","0.0","0.0","0.0","0.0","0.0","0.0","10.0702","0.5035","0.6557","1.1592","0.0","0.0","0.0","0.0","0.0","0.0"
"Enterobius","0","0.0","0.0","0.0","0","1631.25","0.0","70.0734","0.0","0.0","0.0","0.0","0.0","0.0","0.0","0.0","0.0","0.0","0.0","0.0","0.0","0.0","0.0","0.0","0.0"
"Epacanthion","0","0.8","0.0","0.0","2","1.2475","0.0624","0.3164","0.3788","0.0","0.0","0.0","0.0","0.0","0.0","0.5369","0.0268","0.1051","0.1319","0.0","0.0","0.0","0.0","0.0","0.0"
"Epacrolaimus","8","0.0","0.0","5.0","5","122.0679","2.4414","10.0041","12.4455","0.0","12.4455","0.0","0.0","0.0","12.4455","13.3126","0.2663","0.8111","1.0773","0.0","1.0773","0.0","0.0","0.0","1.0773"
"Epicharinema","1","0.0","0.0","0.0","2","0.1651","0.0083","0.0707","0.079","0.0","0.0","0.079","0.0","0.0","0.0","0.0","0.0","0.0","0.0","0.0","0.0","0.0","0.0","0.0","0.0"
"Epidorylaimus","8","0.0","0.0","3.2","4","1.8919","0.0473","0.4087","0.456","0.0","0.456","0.0","0.0","0.0","0.456","0.3862","0.0097","0.0622","0.0718","0.0","0.0718","0.0","0.0","0.0","0.0718"
"Epitobrilus","5","0.0","0.0","1.8","3","8.0375","0.2679","1.1921","1.46","0.0","1.46","0.0","0.0","0.0","1.46","5.5531","0.1851","0.654","0.8391","0.0","0.8391","0.0","0.0","0.0","0.8391"
"Epsilonema","0","0.0","0.0","3.2","4","0.2423","0.0061","0.0933","0.0994","0.0","0.0994","0.0","0.0","0.0","0.0","0.0803","0.002","0.0236","0.0256","0.0","0.0256","0.0","0.0","0.0","0.0"
"Ereptonema","3","0.8","0.0","0.0","2","0.0685","0.0034","0.0365","0.0399","0.0","0.0","0.0","0.0","0.0399","0.0","0.0101","5.0E-4","0.004","0.0045","0.0","0.0","0.0","0.0","0.0045","0.0"
"Ethmolaimus","3","0.0","0.0","1.8","3","0.5914","0.0197","0.1799","0.1996","0.0","0.1996","0.0","0.0","0.1996","0.0","0.2087","0.007","0.0481","0.0551","0.0","0.0551","0.0","0.0","0.0551","0.0"
"Eubostrichus","0","0.0","0.0","1.8","3","1.4409","0.048","0.359","0.4071","0.0","0.4071","0.0","0.0","0.0","0.0","0.0","0.0","0.0","0.0","0.0","0.0","0.0","0.0","0.0","0.0"
"Eucephalobus","3","0.8","0.0","0.0","2","0.2358","0.0118","0.0912","0.103","0.0","0.0","0.0","0.0","0.103","0.0","0.0307","0.0015","0.009","0.0105","0.0","0.0","0.0","0.0","0.0105","0.0"
"Eudiplogasterium","3","0.0","3.2","0.0","1","3.6061","0.3606","0.7144","1.075","1.075","0.0","0.0","0.0","1.075","0.0","0.0","0.0","0.0","0.0","0.0","0.0","0.0","0.0","0.0","0.0"
"Eudorylaimus","8","0.0","0.0","3.2","4","3.1351","0.0784","0.6324","0.7108","0.0","0.7108","0.0","0.0","0.0","0.7108","0.2659","0.0066","0.0405","0.0472","0.0","0.0472","0.0","0.0","0.0","0.0472"
"Eumonhystera","3","0.8","0.0","0.0","2","0.205","0.0102","0.0747","0.085","0.0","0.0","0.0","0.0","0.085","0.0","0.0633","0.0032","0.0155","0.0186","0.0","0.0","0.0","0.0","0.0186","0.0"
"Eurystomina","0","0.0","0.0","3.2","4","226.4223","5.6606","15.935","21.5956","0.0","21.5956","0.0","0.0","0.0","0.0","0.0","0.0","0.0","0.0","0.0","0.0","0.0","0.0","0.0","0.0"
"Euteratocephalus","3","0.0","0.0","1.8","3","0.263","0.0088","0.0996","0.1084","0.0","0.1084","0.0","0.0","0.1084","0.0","0.0324","0.0011","0.0091","0.0101","0.0","0.0101","0.0","0.0","0.0101","0.0"
"Euterranova","0","0.0","0.0","0.0","0","30331.9345","0.0","627.4624","0.0","0.0","0.0","0.0","0.0","0.0","0.0","0.0","0.0","0.0","0.0","0.0","0.0","0.0","0.0","0.0","0.0"
"Eutobrilus","5","0.0","0.0","1.8","3","1.7269","0.0576","0.4113","0.4688","0.0","0.4688","0.0","0.0","0.0","0.4688","0.0","0.0","0.0","0.0","0.0","0.0","0.0","0.0","0.0","0.0"
"Eutylenchus","1","0.0","0.0","0.0","2","0.188","0.0094","0.0765","0.0859","0.0","0.0","0.0859","0.0","0.0","0.0","0.0352","0.0018","0.0107","0.0125","0.0","0.0","0.0125","0.0","0.0","0.0"
"Falcaustra","0","0.0","0.0","0.0","0","1787.9951","0.0","72.3935","0.0","0.0","0.0","0.0","0.0","0.0","0.0","796.7978","0.0","24.5577","0.0","0.0","0.0","0.0","0.0","0.0","0.0"
"Fergusobia","0","0.0","0.0","0.0","0","1.1911","0.0","0.2594","0.0","0.0","0.0","0.0","0.0","0.0","0.0","0.8184","0.0","0.1294","0.0","0.0","0.0","0.0","0.0","0.0","0.0"
"Ficophagus","1","0.0","0.0","0.0","2","0.2184","0.0109","0.0833","0.0943","0.0","0.0","0.0943","0.0","0.0","0.0","0.0282","0.0014","0.0081","0.0095","0.0","0.0","0.0095","0.0","0.0","0.0"
"Ficotylus","1","0.0","0.0","0.0","2","0.139","0.007","0.0601","0.067","0.0","0.0","0.067","0.0","0.0","0.0","0.0794","0.004","0.0272","0.0311","0.0","0.0","0.0311","0.0","0.0","0.0"
"Fictor","3","0.0","3.2","0.0","1","0.948","0.0948","0.2554","0.3502","0.3502","0.0","0.0","0.0","0.3502","0.0","0.2458","0.0246","0.0513","0.0758","0.0758","0.0","0.0","0.0","0.0758","0.0"
"Filenchus","2","0.8","0.8","0.0","2","0.0988","0.0049","0.0439","0.0488","0.0488","0.0","0.0","0.0488","0.0","0.0","0.0119","6.0E-4","0.0035","0.0041","0.0041","0.0","0.0","0.0041","0.0","0.0"
"Filiponema","0","0.0","0.0","0.0","0","4.0881","0.0","0.7481","0.0","0.0","0.0","0.0","0.0","0.0","0.0","1.3225","0.0","0.1977","0.0","0.0","0.0","0.0","0.0","0.0","0.0"
"Foleyella","0","0.0","0.0","0.0","0","18193.7896","0.0","421.071","0.0","0.0","0.0","0.0","0.0","0.0","0.0","5411.7719","0.0","93.0588","0.0","0.0","0.0","0.0","0.0","0.0","0.0"
"Fotolaimus","0","0.0","0.0","3.2","4","8.7994","0.22","1.3948","1.6148","0.0","1.6148","0.0","0.0","0.0","0.0","0.0","0.0","0.0","0.0","0.0","0.0","0.0","0.0","0.0","0.0"
"Fraglenchus","1","0.0","0.0","0.0","2","0.0439","0.0022","0.0262","0.0284","0.0","0.0","0.0284","0.0","0.0","0.0","0.0","0.0","0.0","0.0","0.0","0.0","0.0","0.0","0.0","0.0"
"Fuchsnema","3","0.0","3.2","0.0","1","0.9169","0.0917","0.2507","0.3424","0.3424","0.0","0.0","0.0","0.3424","0.0","0.4112","0.0411","0.087","0.1281","0.1281","0.0","0.0","0.0","0.1281","0.0"
"Funaria","2","0.0","0.0","3.2","4","1.8982","0.0475","0.4375","0.485","0.0","0.485","0.0","0.485","0.0","0.0","0.1908","0.0048","0.0326","0.0374","0.0","0.0374","0.0","0.0374","0.0","0.0"
"Fungiotonchium","2","0.0","0.0","3.2","4","2.9025","0.0726","0.6071","0.6796","0.0","0.6796","0.0","0.6796","0.0","0.0","0.0","0.0","0.0","0.0","0.0","0.0","0.0","0.0","0.0","0.0"
"Gammanema","0","0.0","0.0","3.2","4","3.2191","0.0805","0.6497","0.7302","0.0","0.7302","0.0","0.0","0.0","0.0","1.0232","0.0256","0.1573","0.1828","0.0","0.1828","0.0","0.0","0.0","0.0"
"Gammarinema","0","0.0","0.0","0.0","0","4.2643","0.0","0.7625","0.0","0.0","0.0","0.0","0.0","0.0","0.0","1.1595","0.0","0.1593","0.0","0.0","0.0","0.0","0.0","0.0","0.0"
"Geocenamus","1","0.0","0.0","0.0","3","0.5854","0.0195","0.1672","0.1867","0.0","0.0","0.1867","0.0","0.0","0.0","0.1","0.0033","0.0178","0.0211","0.0","0.0","0.0211","0.0","0.0","0.0"
"Geomonhystera","3","0.8","0.0","0.0","2","0.2831","0.0142","0.1041","0.1183","0.0","0.0","0.0","0.0","0.1183","0.0","0.0213","0.0011","0.006","0.0071","0.0","0.0","0.0","0.0","0.0071","0.0"
"Geraldius","3","0.8","0.0","0.0","2","1.6991","0.085","0.4001","0.4851","0.0","0.0","0.0","0.0","0.4851","0.0","0.3378","0.0169","0.0607","0.0776","0.0","0.0","0.0","0.0","0.0776","0.0"
"Glauxinema","3","0.0","3.2","0.0","1","1.3443","0.1344","0.3308","0.4652","0.4652","0.0","0.0","0.0","0.4652","0.0","0.2229","0.0223","0.0424","0.0647","0.0647","0.0","0.0","0.0","0.0647","0.0"
"Globodera","1","0.0","0.0","0.0","3","58.4432","1.9481","5.5433","7.4914","0.0","0.0","7.4914","0.0","0.0","0.0","9.9588","0.332","0.7328","1.0636","0.0","0.0","1.0636","0.0","0.0","0.0"
"Glochinema","0","0.0","0.0","3.2","4","4.1914","0.1048","0.7393","0.8441","0.0","0.8441","0.0","0.0","0.0","0.0","3.3892","0.0847","0.5079","0.5926","0.0","0.5926","0.0","0.0","0.0","0.0"
"Goezia","0","0.0","0.0","0.0","0","4960.867","0.0","150.5572","0.0","0.0","0.0","0.0","0.0","0.0","0.0","2232.8557","0.0","55.8668","0.0","0.0","0.0","0.0","0.0","0.0","0.0"
"Goffartia","3","0.0","3.2","0.0","1","0.3542","0.0354","0.1254","0.1608","0.1608","0.0","0.0","0.0","0.1608","0.0","0.0","0.0","0.0","0.0","0.0","0.0","0.0","0.0","0.0","0.0"
"Gomphionema","0","0.0","0.0","1.8","3","3.6195","0.1206","0.679","0.7997","0.0","0.7997","0.0","0.0","0.0","0.0","2.5177","0.0839","0.3854","0.4694","0.0","0.4694","0.0","0.0","0.0","0.0"
"Gracilacus","1","0.0","0.0","0.0","2","0.037","0.0019","0.0228","0.0247","0.0","0.0","0.0247","0.0","0.0","0.0","0.0052","3.0E-4","0.0023","0.0026","0.0","0.0","0.0026","0.0","0.0","0.0"
"Gracilancea","1","0.0","0.0","0.0","2","0.5763","0.0288","0.1806","0.2094","0.0","0.0","0.2094","0.0","0.0","0.0","0.0","0.0","0.0","0.0","0.0","0.0","0.0","0.0","0.0","0.0"
"Granonchulus","5","0.0","0.0","3.2","4","4.1021","0.1026","0.7533","0.8558","0.0","0.8558","0.0","0.0","0.0","0.8558","1.1645","0.0291","0.1721","0.2012","0.0","0.2012","0.0","0.0","0.0","0.2012"
"Guitartia","3","0.8","0.0","0.0","2","1.5695","0.0785","0.3828","0.4613","0.0","0.0","0.0","0.0","0.4613","0.0","0.0","0.0","0.0","0.0","0.0","0.0","0.0","0.0","0.0","0.0"
"Hadrodenus","2","0.8","0.8","0.0","2","0.1488","0.0074","0.0653","0.0728","0.0728","0.0","0.0","0.0728","0.0","0.0","0.0161","8.0E-4","0.0053","0.0061","0.0061","0.0","0.0","0.0061","0.0","0.0"
"Halalaimus","0","0.0","0.0","3.2","4","0.4026","0.0101","0.138","0.1481","0.0","0.1481","0.0","0.0","0.0","0.0","0.0","0.0","0.0","0.0","0.0","0.0","0.0","0.0","0.0","0.0"
"Halaphanolaimus","0","0.0","0.0","1.8","3","2.2237","0.0741","0.4971","0.5713","0.0","0.5713","0.0","0.0","0.0","0.0","0.0","0.0","0.0","0.0","0.0","0.0","0.0","0.0","0.0","0.0"
"Halenchus","1","0.0","0.0","0.0","2","0.6502","0.0325","0.1977","0.2302","0.0","0.0","0.2302","0.0","0.0","0.0","0.0081","4.0E-4","0.0018","0.0022","0.0","0.0","0.0022","0.0","0.0","0.0"
"Halicephalobus","3","0.0","3.2","0.0","1","0.0526","0.0053","0.029","0.0342","0.0342","0.0","0.0","0.0","0.0342","0.0","0.0086","9.0E-4","0.0036","0.0045","0.0045","0.0","0.0","0.0","0.0045","0.0"
"Halichoanolaimus","0","0.0","0.0","1.8","3","6.8045","0.2268","1.1502","1.377","0.0","1.377","0.0","0.0","0.0","0.0","0.0","0.0","0.0","0.0","0.0","0.0","0.0","0.0","0.0","0.0"
"Haliplectus","0","0.8","0.0","0.0","2","0.6944","0.0347","0.1927","0.2274","0.0","0.0","0.0","0.0","0.0","0.0","0.1269","0.0063","0.027","0.0333","0.0","0.0","0.0","0.0","0.0","0.0"
"Halomonhystera","0","0.8","0.0","0.0","2","0.316","0.0158","0.1151","0.1308","0.0","0.0","0.0","0.0","0.0","0.0","0.0","0.0","0.0","0.0","0.0","0.0","0.0","0.0","0.0","0.0"
"Halophilanema","0","0.0","0.0","0.0","0","0.186","0.0","0.0773","0.0","0.0","0.0","0.0","0.0","0.0","0.0","0.0","0.0","0.0","0.0","0.0","0.0","0.0","0.0","0.0","0.0"
"Heleidomermis","0","0.0","0.0","0.0","0","13.0438","0.0","1.8738","0.0","0.0","0.0","0.0","0.0","0.0","0.0","0.0","0.0","0.0","0.0","0.0","0.0","0.0","0.0","0.0","0.0"
"Heliconema","0","0.0","0.0","0.0","0","17251.3508","0.0","410.9415","0.0","0.0","0.0","0.0","0.0","0.0","0.0","0.0","0.0","0.0","0.0","0.0","0.0","0.0","0.0","0.0","0.0"
"Helicotylenchus","1","0.0","0.0","0.0","3","0.2937","0.0098","0.1049","0.1147","0.0","0.0","0.1147","0.0","0.0","0.0","0.0143","5.0E-4","0.0034","0.0039","0.0","0.0","0.0039","0.0","0.0","0.0"
"Heligmosomoides","0","0.0","0.0","0.0","0","688.7647","0.0","36.7042","0.0","0.0","0.0","0.0","0.0","0.0","0.0","0.0","0.0","0.0","0.0","0.0","0.0","0.0","0.0","0.0","0.0"
"Hemicaloosia","1","0.0","0.0","0.0","3","0.4588","0.0153","0.1464","0.1617","0.0","0.0","0.1617","0.0","0.0","0.0","0.1511","0.005","0.0342","0.0393","0.0","0.0","0.0393","0.0","0.0","0.0"
"Hemicriconemoides","1","0.0","0.0","0.0","3","0.4154","0.0138","0.1315","0.1454","0.0","0.0","0.1454","0.0","0.0","0.0","0.0921","0.0031","0.0162","0.0192","0.0","0.0","0.0192","0.0","0.0","0.0"
"Hemicycliophora","1","0.0","0.0","0.0","3","0.9378","0.0313","0.2562","0.2874","0.0","0.0","0.2874","0.0","0.0","0.0","0.047","0.0016","0.0095","0.011","0.0","0.0","0.011","0.0","0.0","0.0"
"Hemiplectus","3","0.8","0.0","0.0","2","2.4838","0.1242","0.5401","0.6643","0.0","0.0","0.0","0.0","0.6643","0.0","0.0","0.0","0.0","0.0","0.0","0.0","0.0","0.0","0.0","0.0"
"Herpetostrongylus","0","0.0","0.0","0.0","0","73.8708","0.0","6.5042","0.0","0.0","0.0","0.0","0.0","0.0","0.0","52.3455","0.0","3.776","0.0","0.0","0.0","0.0","0.0","0.0","0.0"
"Heterakis","0","0.0","0.0","0.0","0","383.0027","0.0","23.6355","0.0","0.0","0.0","0.0","0.0","0.0","0.0","0.0","0.0","0.0","0.0","0.0","0.0","0.0","0.0","0.0","0.0"
"Heterocephalobellus","3","0.8","0.0","0.0","2","0.3452","0.0173","0.1203","0.1376","0.0","0.0","0.0","0.0","0.1376","0.0","0.0943","0.0047","0.0252","0.0299","0.0","0.0","0.0","0.0","0.0299","0.0"
"Heterocephalobus","3","0.8","0.0","0.0","2","0.3559","0.0178","0.1234","0.1412","0.0","0.0","0.0","0.0","0.1412","0.0","0.0612","0.0031","0.016","0.0191","0.0","0.0","0.0","0.0","0.0191","0.0"
"Heterocheilus","0","0.0","0.0","0.0","0","7969.1797","0.0","230.2623","0.0","0.0","0.0","0.0","0.0","0.0","0.0","0.0","0.0","0.0","0.0","0.0","0.0","0.0","0.0","0.0","0.0"
"Heterodera","1","0.0","0.0","0.0","3","86.1464","2.8715","7.0551","9.9267","0.0","0.0","9.9267","0.0","0.0","0.0","11.5783","0.3859","0.711","1.0954","0.0","0.0","1.0954","0.0","0.0","0.0"
"Heterodorus","8","0.0","0.0","3.2","4","3.4527","0.0863","0.6556","0.7419","0.0","0.7419","0.0","0.0","0.0","0.7419","0.608","0.0152","0.0758","0.0909","0.0","0.0909","0.0","0.0","0.0","0.0909"
"Heterorhabditis","0","0.0","0.0","0.0","0","63.3032","0.0","5.5845","0.0","0.0","0.0","0.0","0.0","0.0","0.0","19.4991","0.0","1.3405","0.0","0.0","0.0","0.0","0.0","0.0","0.0"
"Heterorhabditis","0","0.0","0.0","0.0","0","63.3032","0.0","5.5845","0.0","0.0","0.0","0.0","0.0","0.0","0.0","19.4991","0.0","1.3405","0.0","0.0","0.0","0.0","0.0","0.0","0.0"
"Heterotylenchius","0","0.0","0.0","0.0","0","0.3039","0.0","0.1117","0.0","0.0","0.0","0.0","0.0","0.0","0.0","0.0","0.0","0.0","0.0","0.0","0.0","0.0","0.0","0.0","0.0"
"Heth","0","0.0","0.0","0.0","0","31.5531","0.0","3.5645","0.0","0.0","0.0","0.0","0.0","0.0","0.0","6.8495","0.0","0.6038","0.0","0.0","0.0","0.0","0.0","0.0","0.0"
"Hexatylus","2","0.8","0.8","0.0","2","1.2514","0.0626","0.3223","0.3849","0.3849","0.0","0.0","0.3849","0.0","0.0","0.1914","0.0096","0.0371","0.0467","0.0467","0.0","0.0","0.0467","0.0","0.0"
"Hirschmanniella","1","0.0","0.0","0.0","3","1.8106","0.0604","0.3908","0.4511","0.0","0.0","0.4511","0.0","0.0","0.0","0.3563","0.0119","0.0507","0.0625","0.0","0.0","0.0625","0.0","0.0","0.0"
"Histotylenchus","1","0.0","0.0","0.0","3","0.5478","0.0183","0.1707","0.189","0.0","0.0","0.189","0.0","0.0","0.0","0.0992","0.0033","0.0233","0.0266","0.0","0.0","0.0266","0.0","0.0","0.0"
"Hofmaenneria","0","0.0","0.0","1.8","3","0.0296","0.001","0.0195","0.0205","0.0","0.0205","0.0","0.0","0.0","0.0","0.0","0.0","0.0","0.0","0.0","0.0","0.0","0.0","0.0","0.0"
"Hoplolaimus","1","0.0","0.0","0.0","3","1.8108","0.0604","0.4205","0.4809","0.0","0.0","0.4809","0.0","0.0","0.0","0.1602","0.0053","0.0281","0.0335","0.0","0.0","0.0335","0.0","0.0","0.0"
"Hoplotylus","1","0.0","0.0","0.0","3","0.2098","0.007","0.0835","0.0905","0.0","0.0","0.0905","0.0","0.0","0.0","0.0579","0.0019","0.0171","0.019","0.0","0.0","0.019","0.0","0.0","0.0"
"Hopperia","0","0.0","0.0","1.8","3","4.5613","0.152","0.8521","1.0041","0.0","1.0041","0.0","0.0","0.0","0.0","0.0","0.0","0.0","0.0","0.0","0.0","0.0","0.0","0.0","0.0"
"Howardula","0","0.0","0.0","0.0","0","64.0628","0.0","5.2567","0.0","0.0","0.0","0.0","0.0","0.0","0.0","63.6429","0.0","5.1143","0.0","0.0","0.0","0.0","0.0","0.0","0.0"
"Huntaphelenchoides","5","0.8","0.0","0.0","2","0.2261","0.0113","0.0895","0.1008","0.0","0.0","0.0","0.0","0.0","0.1008","0.0","0.0","0.0","0.0","0.0","0.0","0.0","0.0","0.0","0.0"
"Hypodontolaimus","0","0.0","0.0","3.2","4","2.203","0.0551","0.4602","0.5153","0.0","0.5153","0.0","0.0","0.0","0.0","0.7486","0.0187","0.1321","0.1507","0.0","0.1507","0.0","0.0","0.0","0.0"
"Hysterothylacium","0","0.0","0.0","0.0","0","18910.3331","0.0","359.6332","0.0","0.0","0.0","0.0","0.0","0.0","0.0","16234.7906","0.0","262.4633","0.0","0.0","0.0","0.0","0.0","0.0","0.0"
"Ibipora","1","0.0","0.0","0.0","3","1.4185","0.0473","0.3385","0.3858","0.0","0.0","0.3858","0.0","0.0","0.0","0.4861","0.0162","0.0914","0.1076","0.0","0.0","0.1076","0.0","0.0","0.0"
"Ichthyocephaloides","0","0.0","0.0","0.0","0","171.7747","0.0","12.9533","0.0","0.0","0.0","0.0","0.0","0.0","0.0","0.0","0.0","0.0","0.0","0.0","0.0","0.0","0.0","0.0","0.0"
"Icthyofilaria","0","0.0","0.0","0.0","0","799.4896","0.0","41.0461","0.0","0.0","0.0","0.0","0.0","0.0","0.0","0.0","0.0","0.0","0.0","0.0","0.0","0.0","0.0","0.0","0.0"
"Immanigula","1","0.0","0.0","0.0","5","10.4394","0.2088","1.5855","1.7943","0.0","0.0","1.7943","0.0","0.0","0.0","0.0","0.0","0.0","0.0","0.0","0.0","0.0","0.0","0.0","0.0"
"Incanema","2","0.0","0.0","3.2","4","1.5239","0.0381","0.3744","0.4125","0.0","0.4125","0.0","0.4125","0.0","0.0","0.0","0.0","0.0","0.0","0.0","0.0","0.0","0.0","0.0","0.0"
"Iotonchium","2","0.0","0.0","3.2","4","4.0167","0.1004","0.7566","0.857","0.0","0.857","0.0","0.857","0.0","0.0","1.938","0.0485","0.284","0.3325","0.0","0.3325","0.0","0.3325","0.0","0.0"
"Iotonchulus","5","0.0","0.0","3.2","4","4.9777","0.1244","0.8337","0.9581","0.0","0.9581","0.0","0.0","0.0","0.9581","4.1819","0.1045","0.6037","0.7082","0.0","0.7082","0.0","0.0","0.0","0.7082"
"Iotonchus","5","0.0","0.0","3.2","4","6.9167","0.1729","1.0525","1.2254","0.0","1.2254","0.0","0.0","0.0","1.2254","1.4221","0.0356","0.1638","0.1992","0.0","0.1992","0.0","0.0","0.0","0.1992"
"Iponema","0","0.0","0.0","0.0","0","1.2774","0.0","0.3175","0.0","0.0","0.0","0.0","0.0","0.0","0.0","0.7154","0.0","0.1403","0.0","0.0","0.0","0.0","0.0","0.0","0.0"
"Irantylenchus","1","0.0","0.0","0.0","2","0.2731","0.0137","0.1031","0.1168","0.0","0.0","0.1168","0.0","0.0","0.0","0.0","0.0","0.0","0.0","0.0","0.0","0.0","0.0","0.0","0.0"
"Ironus","5","0.0","0.0","3.2","4","4.0137","0.1003","0.7102","0.8106","0.0","0.8106","0.0","0.0","0.0","0.8106","0.969","0.0242","0.1379","0.1621","0.0","0.1621","0.0","0.0","0.0","0.1621"
"Ischiodorylaimus","8","0.0","0.0","3.2","4","41.0201","1.0255","4.425","5.4505","0.0","5.4505","0.0","0.0","0.0","5.4505","0.0","0.0","0.0","0.0","0.0","0.0","0.0","0.0","0.0","0.0"
"Isolaimium","3","0.0","0.0","5.0","5","22.2321","0.4446","2.736","3.1806","0.0","3.1806","0.0","0.0","3.1806","0.0","10.2767","0.2055","0.9808","1.1863","0.0","1.1863","0.0","0.0","1.1863","0.0"
"Judonchulus","5","0.0","0.0","3.2","4","1.2527","0.0313","0.3233","0.3546","0.0","0.3546","0.0","0.0","0.0","0.3546","0.0","0.0","0.0","0.0","0.0","0.0","0.0","0.0","0.0","0.0"
"Kallidorylaimus","8","0.0","0.0","3.2","4","0.4913","0.0123","0.1602","0.1725","0.0","0.1725","0.0","0.0","0.0","0.1725","0.0","0.0","0.0","0.0","0.0","0.0","0.0","0.0","0.0","0.0"
"Karadorylaimus","8","0.0","0.0","3.2","4","4.4582","0.1115","0.8376","0.9491","0.0","0.9491","0.0","0.0","0.0","0.9491","0.0","0.0","0.0","0.0","0.0","0.0","0.0","0.0","0.0","0.0"
"Kenyanema","0","0.0","0.0","1.8","3","0.2957","0.0099","0.1095","0.1193","0.0","0.1193","0.0","0.0","0.0","0.0","0.0","0.0","0.0","0.0","0.0","0.0","0.0","0.0","0.0","0.0"
"Kittydorylaimus","8","0.0","0.0","3.2","4","9.1398","0.2285","1.435","1.6635","0.0","1.6635","0.0","0.0","0.0","1.6635","0.0","0.0","0.0","0.0","0.0","0.0","0.0","0.0","0.0","0.0"
"Kochinema","8","0.0","0.0","3.2","4","0.8631","0.0216","0.2391","0.2606","0.0","0.2606","0.0","0.0","0.0","0.2606","0.1836","0.0046","0.0372","0.0417","0.0","0.0417","0.0","0.0","0.0","0.0417"
"Koerneria","3","0.0","3.2","0.0","1","0.0739","0.0074","0.0387","0.0461","0.0461","0.0","0.0","0.0","0.0461","0.0","0.0012","1.0E-4","5.0E-4","6.0E-4","6.0E-4","0.0","0.0","0.0","6.0E-4","0.0"
"Kolodorylaimus","8","0.0","0.0","3.2","4","3.9307","0.0983","0.7621","0.8604","0.0","0.8604","0.0","0.0","0.0","0.8604","0.0","0.0","0.0","0.0","0.0","0.0","0.0","0.0","0.0","0.0"
"Kongonema","0","0.0","0.0","0.0","0","19.149","0.0","2.499","0.0","0.0","0.0","0.0","0.0","0.0","0.0","0.0","0.0","0.0","0.0","0.0","0.0","0.0","0.0","0.0","0.0"
"Labeonema","0","0.0","0.0","0.0","0","59.2495","0.0","5.8301","0.0","0.0","0.0","0.0","0.0","0.0","0.0","0.0","0.0","0.0","0.0","0.0","0.0","0.0","0.0","0.0","0.0"
"Labronema","5","0.0","0.0","3.2","4","8.974","0.2243","1.3547","1.579","0.0","1.579","0.0","0.0","0.0","1.579","1.3635","0.0341","0.1567","0.1907","0.0","0.1907","0.0","0.0","0.0","0.1907"
"Labronemella","8","0.0","0.0","3.2","4","5.8623","0.1466","1.0259","1.1724","0.0","1.1724","0.0","0.0","0.0","1.1724","0.5516","0.0138","0.0733","0.0871","0.0","0.0871","0.0","0.0","0.0","0.0871"
"Labrys","1","0.0","0.0","0.0","2","0.0422","0.0021","0.025","0.0271","0.0","0.0","0.0271","0.0","0.0","0.0","0.0089","4.0E-4","0.0039","0.0043","0.0","0.0","0.0043","0.0","0.0","0.0"
"Laevides","5","0.0","0.0","5.0","5","19.4686","0.3894","2.3249","2.7143","0.0","2.7143","0.0","0.0","0.0","2.7143","16.1761","0.3235","1.6576","1.9812","0.0","1.9812","0.0","0.0","0.0","1.9812"
"Lagenonema","8","0.0","0.0","5.0","5","0.1745","0.0035","0.0737","0.0772","0.0","0.0772","0.0","0.0","0.0","0.0772","0.0","0.0","0.0","0.0","0.0","0.0","0.0","0.0","0.0","0.0"
"Laimaphelenchus","2","0.8","0.8","0.0","2","0.2089","0.0104","0.0828","0.0933","0.0933","0.0","0.0","0.0933","0.0","0.0","0.0264","0.0013","0.008","0.0093","0.0093","0.0","0.0","0.0093","0.0","0.0"
"Laimella","0","0.0","0.0","1.8","3","1.6593","0.0553","0.3991","0.4544","0.0","0.4544","0.0","0.0","0.0","0.0","0.0","0.0","0.0","0.0","0.0","0.0","0.0","0.0","0.0","0.0"
"Laimydorus","8","0.0","0.0","3.2","4","5.9012","0.1475","0.9967","1.1442","0.0","1.1442","0.0","0.0","0.0","1.1442","1.2203","0.0305","0.1533","0.1838","0.0","0.1838","0.0","0.0","0.0","0.1838"
"Lanzavecchia","8","0.0","0.0","3.2","4","75.6879","1.8922","7.0054","8.8976","0.0","8.8976","0.0","0.0","0.0","8.8976","0.0","0.0","0.0","0.0","0.0","0.0","0.0","0.0","0.0","0.0"
"Lauratonema","0","0.0","0.0","1.8","3","0.9288","0.031","0.2581","0.289","0.0","0.289","0.0","0.0","0.0","0.0","0.0901","0.003","0.0188","0.0218","0.0","0.0218","0.0","0.0","0.0","0.0"
"Laxus","0","0.0","0.0","1.8","3","3.9621","0.1321","0.7667","0.8987","0.0","0.8987","0.0","0.0","0.0","0.0","0.0","0.0","0.0","0.0","0.0","0.0","0.0","0.0","0.0","0.0"
"Lelenchus","1","0.0","0.0","0.0","2","0.0465","0.0023","0.027","0.0293","0.0","0.0","0.0293","0.0","0.0","0.0","0.0063","3.0E-4","0.0028","0.0031","0.0","0.0","0.0031","0.0","0.0","0.0"
"Lenisaphelenchus","0","0.0","0.0","0.0","0","0.1621","0.0","0.0698","0.0","0.0","0.0","0.0","0.0","0.0","0.0","0.0","0.0","0.0","0.0","0.0","0.0","0.0","0.0","0.0","0.0"
"Leptepsilonema","0","0.0","0.0","3.2","4","0.1031","0.0026","0.0497","0.0523","0.0","0.0523","0.0","0.0","0.0","0.0","0.0","0.0","0.0","0.0","0.0","0.0","0.0","0.0","0.0","0.0"
"Leptolaimus","0","0.8","0.0","0.0","2","0.3816","0.0191","0.1233","0.1424","0.0","0.0","0.0","0.0","0.0","0.0","0.1721","0.0086","0.0402","0.0488","0.0","0.0","0.0","0.0","0.0","0.0"
"Leptonchus","2","0.0","0.0","3.2","4","0.9803","0.0245","0.2644","0.2889","0.0","0.2889","0.0","0.2889","0.0","0.0","0.1576","0.0039","0.0322","0.0361","0.0","0.0361","0.0","0.0361","0.0","0.0"
"Leptonemella","0","0.0","0.0","1.8","3","3.9684","0.1323","0.7676","0.8999","0.0","0.8999","0.0","0.0","0.0","0.0","0.0","0.0","0.0","0.0","0.0","0.0","0.0","0.0","0.0","0.0"
"Leptosomatides","0","0.0","0.0","1.8","3","4975.6682","165.8556","102.93","268.7856","0.0","268.7856","0.0","0.0","0.0","0.0","4603.8098","153.4603","80.5729","234.0201","0.0","234.0201","0.0","0.0","0.0","0.0"
"Leptosomatum","0","0.0","0.0","1.8","3","195.2696","6.509","13.535","20.0439","0.0","20.0439","0.0","0.0","0.0","0.0","50.5087","1.6836","2.6429","4.3231","0.0","4.3231","0.0","0.0","0.0","0.0"
"Leptosomella","0","0.0","0.0","1.8","3","7.0208","0.234","1.1775","1.4115","0.0","1.4115","0.0","0.0","0.0","0.0","0.0","0.0","0.0","0.0","0.0","0.0","0.0","0.0","0.0","0.0"
"Levipalatum","3","0.0","3.2","0.0","1","4.5291","0.4529","0.8476","1.3005","1.3005","0.0","0.0","0.0","1.3005","0.0","0.0","0.0","0.0","0.0","0.0","0.0","0.0","0.0","0.0","0.0"
"Libyostrongylus","0","0.0","0.0","0.0","0","45.87","0.0","4.8118","0.0","0.0","0.0","0.0","0.0","0.0","0.0","0.0","0.0","0.0","0.0","0.0","0.0","0.0","0.0","0.0","0.0"
"Limonchulus","5","0.0","0.0","1.8","3","1.1399","0.038","0.3005","0.3385","0.0","0.3385","0.0","0.0","0.0","0.3385","0.1808","0.006","0.0359","0.0419","0.0","0.0419","0.0","0.0","0.0","0.0419"
"Lindseyus","5","0.0","0.0","3.2","4","11.8742","0.2969","1.7463","2.0431","0.0","2.0431","0.0","0.0","0.0","2.0431","0.0735","0.0018","0.0081","0.0099","0.0","0.0099","0.0","0.0","0.0","0.0099"
"Litinium","0","0.0","0.0","3.2","4","0.5893","0.0147","0.1723","0.187","0.0","0.187","0.0","0.0","0.0","0.0","0.4399","0.011","0.1067","0.1177","0.0","0.1177","0.0","0.0","0.0","0.0"
"Litylenchus","1","0.0","0.0","0.0","2","0.2805","0.014","0.1052","0.1192","0.0","0.0","0.1192","0.0","0.0","0.0","0.0153","8.0E-4","0.0043","0.0051","0.0","0.0","0.0051","0.0","0.0","0.0"
"Loncharionema","2","0.0","0.0","3.2","4","0.4823","0.0121","0.158","0.17","0.0","0.17","0.0","0.17","0.0","0.0","0.0129","3.0E-4","0.0032","0.0035","0.0","0.0035","0.0","0.0035","0.0","0.0"
"Longicyatholaimus","0","0.0","0.0","1.8","3","6.3257","0.2109","1.0445","1.2554","0.0","1.2554","0.0","0.0","0.0","0.0","1.9791","0.066","0.2599","0.3256","0.0","0.3256","0.0","0.0","0.0","0.0"
"Longidorella","1","0.0","0.0","0.0","4","0.595","0.0149","0.18","0.1949","0.0","0.0","0.1949","0.0","0.0","0.0","0.1041","0.0026","0.0243","0.0269","0.0","0.0","0.0269","0.0","0.0","0.0"
"Longidorus","1","0.0","0.0","0.0","5","15.0798","0.3016","1.984","2.2856","0.0","0.0","2.2856","0.0","0.0","0.0","1.5943","0.0319","0.1581","0.1899","0.0","0.0","0.1899","0.0","0.0","0.0"
"Longistrongylus","0","0.0","0.0","0.0","0","127.1552","0.0","10.0881","0.0","0.0","0.0","0.0","0.0","0.0","0.0","22.7996","0.0","1.4365","0.0","0.0","0.0","0.0","0.0","0.0","0.0"
"Lordellonema","8","0.0","0.0","3.2","4","0.7365","0.0184","0.2077","0.2261","0.0","0.2261","0.0","0.0","0.0","0.2261","0.1563","0.0039","0.0354","0.0393","0.0","0.0393","0.0","0.0","0.0","0.0393"
"Lubanema","0","0.0","0.0","0.0","0","229.4654","0.0","16.0954","0.0","0.0","0.0","0.0","0.0","0.0","0.0","0.0","0.0","0.0","0.0","0.0","0.0","0.0","0.0","0.0","0.0"
"Lucionema","0","0.0","0.0","0.0","0","2.6626","0.0","0.569","0.0","0.0","0.0","0.0","0.0","0.0","0.0","0.0","0.0","0.0","0.0","0.0","0.0","0.0","0.0","0.0","0.0"
"Lusionema","0","0.0","0.0","0.0","0","2.6626","0.0","0.569","0.0","0.0","0.0","0.0","0.0","0.0","0.0","0.0","0.0","0.0","0.0","0.0","0.0","0.0","0.0","0.0","0.0"
"Lyranema","0","0.0","0.0","1.8","3","10.3579","0.3453","1.5762","1.9215","0.0","1.9215","0.0","0.0","0.0","0.0","0.0","0.0","0.0","0.0","0.0","0.0","0.0","0.0","0.0","0.0"
"Macrodontium","3","0.8","0.0","0.0","2","1.8996","0.095","0.4417","0.5367","0.0","0.0","0.0","0.0","0.5367","0.0","0.0","0.0","0.0","0.0","0.0","0.0","0.0","0.0","0.0","0.0"
"Macrolaimus","3","0.8","0.0","0.0","2","0.5803","0.029","0.1778","0.2068","0.0","0.0","0.0","0.0","0.2068","0.0","0.0781","0.0039","0.0171","0.021","0.0","0.0","0.0","0.0","0.021","0.0"
"Macroponema","0","0.0","0.0","0.0","0","850.9296","0.0","43.0113","0.0","0.0","0.0","0.0","0.0","0.0","0.0","0.0","0.0","0.0","0.0","0.0","0.0","0.0","0.0","0.0","0.0"
"Macropostrongyloides","0","0.0","0.0","0.0","0","3129.9489","0.0","114.2393","0.0","0.0","0.0","0.0","0.0","0.0","0.0","0.0","0.0","0.0","0.0","0.0","0.0","0.0","0.0","0.0","0.0"
"Macrostrongylus","0","0.0","0.0","0.0","0","6192.324","0.0","190.5693","0.0","0.0","0.0","0.0","0.0","0.0","0.0","0.0","0.0","0.0","0.0","0.0","0.0","0.0","0.0","0.0","0.0"
"Macrotrophurus","1","0.0","0.0","0.0","3","1.3845","0.0462","0.3484","0.3946","0.0","0.0","0.3946","0.0","0.0","0.0","0.0","0.0","0.0","0.0","0.0","0.0","0.0","0.0","0.0","0.0"
"Makatinus","8","0.0","0.0","5.0","5","18.7058","0.3741","2.2098","2.5839","0.0","2.5839","0.0","0.0","0.0","2.5839","5.7337","0.1147","0.5188","0.6333","0.0","0.6333","0.0","0.0","0.0","0.6333"
"Malenchus","1","0.0","0.0","0.0","2","0.0798","0.004","0.04","0.044","0.0","0.0","0.044","0.0","0.0","0.0","0.0058","3.0E-4","0.0022","0.0025","0.0","0.0","0.0025","0.0","0.0","0.0"
"Manganonema","0","0.8","0.0","0.0","2","0.1242","0.0062","0.0571","0.0633","0.0","0.0","0.0","0.0","0.0","0.0","0.0","0.0","0.0","0.0","0.0","0.0","0.0","0.0","0.0","0.0"
"Margaronchus","5","0.0","0.0","3.2","4","0.3391","0.0085","0.1213","0.1298","0.0","0.1298","0.0","0.0","0.0","0.1298","0.0124","3.0E-4","0.0033","0.0036","0.0","0.0036","0.0","0.0","0.0","0.0036"
"Martininema","1","0.0","0.0","0.0","2","0.0988","0.0049","0.0479","0.0528","0.0","0.0","0.0528","0.0","0.0","0.0","0.0106","5.0E-4","0.0038","0.0043","0.0","0.0","0.0043","0.0","0.0","0.0"
"Matthesonema","3","0.0","3.2","0.0","1","0.8541","0.0854","0.2426","0.328","0.328","0.0","0.0","0.0","0.328","0.0","0.0","0.0","0.0","0.0","0.0","0.0","0.0","0.0","0.0","0.0"
"Maxomystrongylus","0","0.0","0.0","0.0","0","3.6363","0.0","0.7189","0.0","0.0","0.0","0.0","0.0","0.0","0.0","0.0","0.0","0.0","0.0","0.0","0.0","0.0","0.0","0.0","0.0"
"Mediolaimus","3","0.0","0.0","1.8","3","0.0666","0.0022","0.0358","0.038","0.0","0.038","0.0","0.0","0.038","0.0","0.0","0.0","0.0","0.0","0.0","0.0","0.0","0.0","0.0","0.0"
"Megadraconema","0","0.0","0.0","3.2","4","9.0699","0.2267","1.4268","1.6536","0.0","1.6536","0.0","0.0","0.0","0.0","0.0","0.0","0.0","0.0","0.0","0.0","0.0","0.0","0.0","0.0"
"Megaonchulus","5","0.0","0.0","3.2","4","1.0151","0.0254","0.2761","0.3015","0.0","0.3015","0.0","0.0","0.0","0.3015","0.0","0.0","0.0","0.0","0.0","0.0","0.0","0.0","0.0","0.0"
"Meiodorus","1","0.0","0.0","0.0","3","0.436","0.0145","0.1463","0.1608","0.0","0.0","0.1608","0.0","0.0","0.0","0.0401","0.0013","0.01","0.0114","0.0","0.0","0.0114","0.0","0.0","0.0"
"Meloidodera","1","0.0","0.0","0.0","3","34.138","1.1379","3.6916","4.8296","0.0","0.0","4.8296","0.0","0.0","0.0","12.2846","0.4095","1.0792","1.4885","0.0","0.0","1.4885","0.0","0.0","0.0"
"Meloidoderita","1","0.0","0.0","0.0","3","15.4336","0.5145","2.1044","2.6189","0.0","0.0","2.6189","0.0","0.0","0.0","2.3712","0.079","0.2371","0.3161","0.0","0.0","0.3161","0.0","0.0","0.0"
"Meloidogyne","1","0.0","0.0","0.0","3","77.9998","2.6","6.7199","9.3199","0.0","0.0","9.3199","0.0","0.0","0.0","6.8297","0.2277","0.394","0.62","0.0","0.0","0.62","0.0","0.0","0.0"
"Meloinema","1","0.0","0.0","0.0","3","740.3431","24.6781","29.7218","54.3999","0.0","0.0","54.3999","0.0","0.0","0.0","694.8773","23.1626","25.3964","48.5512","0.0","0.0","48.5512","0.0","0.0","0.0"
"Merlinius","1","0.0","0.0","0.0","3","0.2527","0.0084","0.094","0.1024","0.0","0.0","0.1024","0.0","0.0","0.0","0.0322","0.0011","0.0084","0.0094","0.0","0.0","0.0094","0.0","0.0","0.0"
"Mesacanthion","0","0.8","0.0","0.0","2","28.1402","1.407","3.3355","4.7425","0.0","0.0","0.0","0.0","0.0","0.0","0.0","0.0","0.0","0.0","0.0","0.0","0.0","0.0","0.0","0.0"
"Mesoanguina","1","0.0","0.0","0.0","2","9.4191","0.471","1.4266","1.8975","0.0","0.0","1.8975","0.0","0.0","0.0","3.7467","0.1873","0.4281","0.6154","0.0","0.0","0.6154","0.0","0.0","0.0"
"Mesocriconema","1","0.0","0.0","0.0","3","0.4912","0.0164","0.1578","0.1742","0.0","0.0","0.1742","0.0","0.0","0.0","0.0295","0.001","0.0071","0.008","0.0","0.0","0.008","0.0","0.0","0.0"
"Mesodorylaimus","8","0.0","0.0","3.2","4","1.2797","0.032","0.3211","0.3531","0.0","0.3531","0.0","0.0","0.0","0.3531","0.0812","0.002","0.0151","0.0172","0.0","0.0172","0.0","0.0","0.0","0.0172"
"Mesorhabditis","3","0.0","3.2","0.0","1","0.5676","0.0568","0.1756","0.2324","0.2324","0.0","0.0","0.0","0.2324","0.0","0.075","0.0075","0.0181","0.0256","0.0256","0.0","0.0","0.0","0.0256","0.0"
"Mesotheristus","3","0.8","0.0","0.0","2","10.2181","0.5109","1.4637","1.9746","0.0","0.0","0.0","0.0","1.9746","0.0","4.2155","0.2108","0.5124","0.7229","0.0","0.0","0.0","0.0","0.7229","0.0"
"Metachromadora","0","0.0","0.0","1.8","3","2.8748","0.0958","0.6027","0.6985","0.0","0.6985","0.0","0.0","0.0","0.0","0.0","0.0","0.0","0.0","0.0","0.0","0.0","0.0","0.0","0.0"
"Metachromadoroides","0","0.0","0.0","1.8","3","1.7087","0.057","0.408","0.465","0.0","0.465","0.0","0.0","0.0","0.0","0.0","0.0","0.0","0.0","0.0","0.0","0.0","0.0","0.0","0.0"
"Metacrobeles","3","0.8","0.0","0.0","2","4.7813","0.2391","0.8827","1.1218","0.0","0.0","0.0","0.0","1.1218","0.0","0.0","0.0","0.0","0.0","0.0","0.0","0.0","0.0","0.0","0.0"
"Metactinolaimus","5","0.0","0.0","5.0","5","4.3204","0.0864","0.8181","0.9045","0.0","0.9045","0.0","0.0","0.0","0.9045","0.0","0.0","0.0","0.0","0.0","0.0","0.0","0.0","0.0","0.0"
"Metacyatholaimus","0","0.0","0.0","1.8","3","1.1064","0.0369","0.2941","0.331","0.0","0.331","0.0","0.0","0.0","0.0","0.1324","0.0044","0.0265","0.0309","0.0","0.0309","0.0","0.0","0.0","0.0"
"Metadasynemoides","0","0.0","0.0","1.8","3","0.3939","0.0131","0.1358","0.1489","0.0","0.1489","0.0","0.0","0.0","0.0","0.0","0.0","0.0","0.0","0.0","0.0","0.0","0.0","0.0","0.0"
"Metadiplogaster","3","0.0","3.2","0.0","1","1.3302","0.133","0.3381","0.4712","0.4712","0.0","0.0","0.0","0.4712","0.0","0.0","0.0","0.0","0.0","0.0","0.0","0.0","0.0","0.0","0.0"
"Metalinhomoeus","0","0.8","0.0","0.0","2","4.0889","0.2044","0.785","0.9894","0.0","0.0","0.0","0.0","0.0","0.0","0.0","0.0","0.0","0.0","0.0","0.0","0.0","0.0","0.0","0.0"
"Metamphidelus","3","0.0","0.0","3.2","4","0.5053","0.0126","0.1636","0.1762","0.0","0.1762","0.0","0.0","0.1762","0.0","0.0226","6.0E-4","0.0055","0.006","0.0","0.006","0.0","0.0","0.006","0.0"
"Metaparoncholaimus","0","0.0","0.0","3.2","4","25.7782","0.6445","3.1232","3.7677","0.0","3.7677","0.0","0.0","0.0","0.0","0.0","0.0","0.0","0.0","0.0","0.0","0.0","0.0","0.0","0.0"
"Metaphanoderma","0","0.0","0.0","3.2","4","87.4152","2.1854","7.8046","9.99","0.0","9.99","0.0","0.0","0.0","0.0","0.0","0.0","0.0","0.0","0.0","0.0","0.0","0.0","0.0","0.0"
"Metaporcelaimus","8","0.0","0.0","5.0","5","7.6744","0.1535","1.2057","1.3591","0.0","1.3591","0.0","0.0","0.0","1.3591","0.7525","0.015","0.0903","0.1053","0.0","0.1053","0.0","0.0","0.0","0.1053"
"Metarhabditis","0","0.0","0.0","0.0","0","1.3043","0.0","0.3302","0.0","0.0","0.0","0.0","0.0","0.0","0.0","0.2369","0.0","0.0448","0.0","0.0","0.0","0.0","0.0","0.0","0.0"
"Metasphaerolaimus","0","0.0","0.0","1.8","3","2.6459","0.0882","0.5664","0.6545","0.0","0.6545","0.0","0.0","0.0","0.0","0.0","0.0","0.0","0.0","0.0","0.0","0.0","0.0","0.0","0.0"
"Metateratocephalus","3","0.0","0.0","1.8","3","0.0732","0.0024","0.038","0.0405","0.0","0.0405","0.0","0.0","0.0405","0.0","0.0166","6.0E-4","0.0066","0.0072","0.0","0.0072","0.0","0.0","0.0072","0.0"
"Metaxonchium","1","0.0","0.0","0.0","5","8.0708","0.1614","1.227","1.3884","0.0","0.0","1.3884","0.0","0.0","0.0","1.3094","0.0262","0.145","0.1709","0.0","0.0","0.1709","0.0","0.0","0.0"
"Metoncholaimoides","0","0.0","0.0","3.2","4","12.1531","0.3038","1.777","2.0808","0.0","2.0808","0.0","0.0","0.0","0.0","0.0","0.0","0.0","0.0","0.0","0.0","0.0","0.0","0.0","0.0"
"Meylis","2","0.0","0.0","3.2","4","2.4003","0.06","0.523","0.583","0.0","0.583","0.0","0.583","0.0","0.0","0.4384","0.011","0.0733","0.0843","0.0","0.0843","0.0","0.0843","0.0","0.0"
"Meylonema","2","0.0","0.0","3.2","4","0.1606","0.004","0.0689","0.0729","0.0","0.0729","0.0","0.0729","0.0","0.0","0.0388","0.001","0.0126","0.0136","0.0","0.0136","0.0","0.0136","0.0","0.0"
"Micoletzkya","3","0.0","3.2","0.0","1","34.4387","3.4439","2.9145","6.3583","6.3583","0.0","0.0","0.0","6.3583","0.0","33.309","3.3309","2.6202","5.951","5.951","0.0","0.0","0.0","5.951","0.0"
"Micoletzkyia","0","0.0","0.0","3.2","4","61.7849","1.5446","6.0162","7.5609","0.0","7.5609","0.0","0.0","0.0","0.0","0.0","0.0","0.0","0.0","0.0","0.0","0.0","0.0","0.0","0.0"
"Miconchus","5","0.0","0.0","3.2","4","4.7824","0.1196","0.8597","0.9792","0.0","0.9792","0.0","0.0","0.0","0.9792","0.7771","0.0194","0.1121","0.1315","0.0","0.1315","0.0","0.0","0.0","0.1315"
"Microdorylaimus","8","0.0","0.0","3.2","4","0.2009","0.005","0.0812","0.0862","0.0","0.0862","0.0","0.0","0.0","0.0862","0.0265","7.0E-4","0.008","0.0086","0.0","0.0086","0.0","0.0","0.0","0.0086"
"Microlaimus","3","0.8","0.0","0.0","2","0.4105","0.0205","0.1337","0.1543","0.0","0.0","0.0","0.0","0.1543","0.0","0.1098","0.0055","0.0273","0.0328","0.0","0.0","0.0","0.0","0.0328","0.0"
"Miculenchus","1","0.0","0.0","0.0","2","0.0815","0.0041","0.0407","0.0448","0.0","0.0","0.0448","0.0","0.0","0.0","0.0136","7.0E-4","0.0053","0.006","0.0","0.0","0.006","0.0","0.0","0.0"
"Miodorylaimus","8","0.0","0.0","3.2","4","0.5201","0.013","0.1672","0.1802","0.0","0.1802","0.0","0.0","0.0","0.1802","0.0","0.0","0.0","0.0","0.0","0.0","0.0","0.0","0.0","0.0"
"Miranema","8","0.0","0.0","3.2","4","14.8161","0.3704","2.0616","2.432","0.0","2.432","0.0","0.0","0.0","2.432","0.0","0.0","0.0","0.0","0.0","0.0","0.0","0.0","0.0","0.0"
"Mitoaxonchium","5","0.0","0.0","3.2","4","0.3133","0.0078","0.1143","0.1222","0.0","0.1222","0.0","0.0","0.0","0.1222","0.0","0.0","0.0","0.0","0.0","0.0","0.0","0.0","0.0","0.0"
"Mitranema","1","0.0","0.0","0.0","2","0.0398","0.002","0.0243","0.0263","0.0","0.0","0.0263","0.0","0.0","0.0","0.0014","1.0E-4","6.0E-4","7.0E-4","0.0","0.0","7.0E-4","0.0","0.0","0.0"
"Monhystera","3","0.8","0.0","0.0","2","1.0108","0.0505","0.2684","0.3189","0.0","0.0","0.0","0.0","0.3189","0.0","0.1753","0.0088","0.0365","0.0452","0.0","0.0","0.0","0.0","0.0452","0.0"
"Monhystrella","0","0.8","0.0","0.0","2","0.0755","0.0038","0.0387","0.0425","0.0","0.0","0.0","0.0","0.0","0.0","0.0111","6.0E-4","0.0043","0.0049","0.0","0.0","0.0","0.0","0.0","0.0"
"Monhystrium","0","0.0","0.0","0.0","0","0.8958","0.0","0.2514","0.0","0.0","0.0","0.0","0.0","0.0","0.0","0.0","0.0","0.0","0.0","0.0","0.0","0.0","0.0","0.0","0.0"
"Mononchoides","5","0.0","3.2","0.0","1","1.2108","0.1211","0.3111","0.4322","0.4322","0.0","0.0","0.0","0.0","0.4322","0.1516","0.0152","0.0302","0.0454","0.0454","0.0","0.0","0.0","0.0","0.0454"
"Mononchulus","5","0.0","0.0","3.2","4","0.9822","0.0246","0.2693","0.2939","0.0","0.2939","0.0","0.0","0.0","0.2939","0.0","0.0","0.0","0.0","0.0","0.0","0.0","0.0","0.0","0.0"
"Mononchus","5","0.0","0.0","3.2","4","4.4323","0.1108","0.8004","0.9112","0.0","0.9112","0.0","0.0","0.0","0.9112","0.6132","0.0153","0.079","0.0942","0.0","0.0942","0.0","0.0","0.0","0.0942"
"Monoposthia","0","0.0","0.0","1.8","3","3.7062","0.1235","0.7292","0.8528","0.0","0.8528","0.0","0.0","0.0","0.0","0.0","0.0","0.0","0.0","0.0","0.0","0.0","0.0","0.0","0.0"
"Morulaimus","1","0.0","0.0","0.0","3","0.9635","0.0321","0.251","0.2831","0.0","0.0","0.2831","0.0","0.0","0.0","0.3423","0.0114","0.0617","0.0731","0.0","0.0","0.0731","0.0","0.0","0.0"
"Moshajia","8","0.0","0.0","3.2","4","0.9342","0.0234","0.2552","0.2786","0.0","0.2786","0.0","0.0","0.0","0.2786","0.1912","0.0048","0.0375","0.0423","0.0","0.0423","0.0","0.0","0.0","0.0423"
"Multicaecum","0","0.0","0.0","0.0","0","6279.5155","0.0","192.5783","0.0","0.0","0.0","0.0","0.0","0.0","0.0","0.0","0.0","0.0","0.0","0.0","0.0","0.0","0.0","0.0","0.0"
"Mulveyellus","5","0.0","0.0","3.2","4","3.5245","0.0881","0.6977","0.7858","0.0","0.7858","0.0","0.0","0.0","0.7858","0.9215","0.023","0.1382","0.1612","0.0","0.1612","0.0","0.0","0.0","0.1612"
"Mylodiscus","8","0.0","0.0","3.2","4","1.6388","0.041","0.3931","0.4341","0.0","0.4341","0.0","0.0","0.0","0.4341","0.2987","0.0075","0.0531","0.0606","0.0","0.0606","0.0","0.0","0.0","0.0606"
"Mylonchulus","5","0.0","0.0","3.2","4","1.864","0.0466","0.4151","0.4617","0.0","0.4617","0.0","0.0","0.0","0.4617","0.1622","0.0041","0.0244","0.0284","0.0","0.0284","0.0","0.0","0.0","0.0284"
"Myolaimus","3","0.0","3.2","0.0","1","0.5601","0.056","0.1589","0.2149","0.2149","0.0","0.0","0.0","0.2149","0.0","0.3189","0.0319","0.0655","0.0974","0.0974","0.0","0.0","0.0","0.0974","0.0"
"Nacobbus","1","0.0","0.0","0.0","3","66.4595","2.2153","5.6836","7.899","0.0","0.0","7.899","0.0","0.0","0.0","49.8362","1.6612","3.4932","5.1534","0.0","0.0","5.1534","0.0","0.0","0.0"
"Nagelus","1","0.0","0.0","0.0","3","0.6696","0.0223","0.1945","0.2168","0.0","0.0","0.2168","0.0","0.0","0.0","0.078","0.0026","0.0169","0.0195","0.0","0.0","0.0195","0.0","0.0","0.0"
"Namaquanema","8","0.0","0.0","3.2","4","9.5689","0.2392","1.4853","1.7245","0.0","1.7245","0.0","0.0","0.0","1.7245","0.0","0.0","0.0","0.0","0.0","0.0","0.0","0.0","0.0","0.0"
"Nanidorus","1","0.0","0.0","0.0","4","0.4712","0.0118","0.1553","0.167","0.0","0.0","0.167","0.0","0.0","0.0","0.0","0.0","0.0","0.0","0.0","0.0","0.0","0.0","0.0","0.0"
"Nemanoke","0","0.0","0.0","0.0","0","60.8627","0.0","5.7851","0.0","0.0","0.0","0.0","0.0","0.0","0.0","23.557","0.0","1.705","0.0","0.0","0.0","0.0","0.0","0.0","0.0"
"Neoactinolaimus","5","0.0","0.0","5.0","5","6.9183","0.1384","1.1555","1.2939","0.0","1.2939","0.0","0.0","0.0","1.2939","1.111","0.0222","0.1428","0.165","0.0","0.165","0.0","0.0","0.0","0.165"
"Neoalloionema","3","0.0","3.2","0.0","1","1.2974","0.1297","0.3317","0.4614","0.4614","0.0","0.0","0.0","0.4614","0.0","0.0552","0.0055","0.0106","0.0161","0.0161","0.0","0.0","0.0","0.0161","0.0"
"Neochromadora","6","0.0","0.0","1.8","3","0.7649","0.0255","0.2233","0.2488","0.0","0.2488","0.0","0.0","0.0","0.0","0.0","0.0","0.0","0.0","0.0","0.0","0.0","0.0","0.0","0.0"
"Neodiplogaster","3","0.0","3.2","0.0","1","1.018","0.1018","0.2715","0.3733","0.3733","0.0","0.0","0.0","0.3733","0.0","0.3077","0.0308","0.0643","0.095","0.095","0.0","0.0","0.0","0.095","0.0"
"Neodiplopeltula","0","0.0","0.0","1.8","3","2.5083","0.0836","0.5344","0.618","0.0","0.618","0.0","0.0","0.0","0.0","0.627","0.0209","0.102","0.1229","0.0","0.1229","0.0","0.0","0.0","0.0"
"Neodolichodorus","1","0.0","0.0","0.0","3","2.9186","0.0973","0.5949","0.6922","0.0","0.0","0.6922","0.0","0.0","0.0","0.4703","0.0157","0.0689","0.0846","0.0","0.0","0.0846","0.0","0.0","0.0"
"Neodolichorhynchus","1","0.0","0.0","0.0","3","0.2946","0.0098","0.107","0.1168","0.0","0.0","0.1168","0.0","0.0","0.0","0.0292","0.001","0.0081","0.009","0.0","0.0","0.009","0.0","0.0","0.0"
"Neolobocriconema","1","0.0","0.0","0.0","3","1.2899","0.043","0.3264","0.3694","0.0","0.0","0.3694","0.0","0.0","0.0","0.3417","0.0114","0.0641","0.0754","0.0","0.0","0.0754","0.0","0.0","0.0"
"Neometadorylaimus","2","0.0","0.0","3.2","4","7.253","0.1813","1.2066","1.3879","0.0","1.3879","0.0","1.3879","0.0","0.0","0.0","0.0","0.0","0.0","0.0","0.0","0.0","0.0","0.0","0.0"
"Neomisticius","2","0.8","0.8","0.0","2","4.1007","0.205","0.7749","0.9799","0.9799","0.0","0.0","0.9799","0.0","0.0","1.6099","0.0805","0.2336","0.3141","0.3141","0.0","0.0","0.3141","0.0","0.0"
"Neopsilenchus","1","0.0","0.0","0.0","2","0.1677","0.0084","0.0695","0.0779","0.0","0.0","0.0779","0.0","0.0","0.0","0.0257","0.0013","0.0083","0.0096","0.0","0.0","0.0096","0.0","0.0","0.0"
"Neothada","1","0.0","0.0","0.0","2","0.1292","0.0065","0.0583","0.0648","0.0","0.0","0.0648","0.0","0.0","0.0","0.0089","4.0E-4","0.0032","0.0036","0.0","0.0","0.0036","0.0","0.0","0.0"
"Neotobrilus","5","0.0","0.0","1.8","3","5.4149","0.1805","0.9537","1.1342","0.0","1.1342","0.0","0.0","0.0","1.1342","0.8283","0.0276","0.1117","0.1393","0.0","0.1393","0.0","0.0","0.0","0.1393"
"Neotonchus","0","0.0","0.0","1.8","3","0.3203","0.0107","0.1162","0.1269","0.0","0.1269","0.0","0.0","0.0","0.0","0.0","0.0","0.0","0.0","0.0","0.0","0.0","0.0","0.0","0.0"
"Neotylocephalus","3","0.8","0.0","0.0","2","0.0405","0.002","0.0245","0.0266","0.0","0.0","0.0","0.0","0.0266","0.0","0.008","4.0E-4","0.0037","0.0041","0.0","0.0","0.0","0.0","0.0041","0.0"
"Nevadanema","8","0.0","0.0","3.2","4","14.4349","0.3609","2.0217","2.3826","0.0","2.3826","0.0","0.0","0.0","2.3826","0.0","0.0","0.0","0.0","0.0","0.0","0.0","0.0","0.0","0.0"
"Nicollina","0","0.0","0.0","0.0","0","33.6722","0.0","3.8161","0.0","0.0","0.0","0.0","0.0","0.0","0.0","0.0","0.0","0.0","0.0","0.0","0.0","0.0","0.0","0.0","0.0"
"Nimigula","1","0.0","0.0","0.0","5","5.2105","0.1042","0.9415","1.0457","0.0","0.0","1.0457","0.0","0.0","0.0","0.0","0.0","0.0","0.0","0.0","0.0","0.0","0.0","0.0","0.0"
"Nippostrongylus","0","0.0","0.0","0.0","0","34.6125","0.0","3.8957","0.0","0.0","0.0","0.0","0.0","0.0","0.0","0.0","0.0","0.0","0.0","0.0","0.0","0.0","0.0","0.0","0.0"
"Nothacrobeles","3","0.8","0.0","0.0","2","0.3627","0.0181","0.1187","0.1369","0.0","0.0","0.0","0.0","0.1369","0.0","0.1471","0.0074","0.035","0.0424","0.0","0.0","0.0","0.0","0.0424","0.0"
"Nothocriconemoides","1","0.0","0.0","0.0","3","1.2372","0.0412","0.3203","0.3615","0.0","0.0","0.3615","0.0","0.0","0.0","0.0","0.0","0.0","0.0","0.0","0.0","0.0","0.0","0.0","0.0"
"Nothotylenchus","2","0.8","0.8","0.0","2","0.252","0.0126","0.0934","0.106","0.106","0.0","0.0","0.106","0.0","0.0","0.0534","0.0027","0.0153","0.0179","0.0179","0.0","0.0","0.0179","0.0","0.0"
"Nycteridostrongylus","0","0.0","0.0","0.0","0","110.8114","0.0","9.324","0.0","0.0","0.0","0.0","0.0","0.0","0.0","0.0","0.0","0.0","0.0","0.0","0.0","0.0","0.0","0.0","0.0"
"Nygellus","5","0.0","0.0","5.0","5","0.4428","0.0089","0.1482","0.157","0.0","0.157","0.0","0.0","0.0","0.157","0.0138","3.0E-4","0.0035","0.0037","0.0","0.0037","0.0","0.0","0.0","0.0037"
"Nygolaimellus","5","0.0","0.0","5.0","5","4.8149","0.0963","0.8862","0.9825","0.0","0.9825","0.0","0.0","0.0","0.9825","0.5727","0.0115","0.0792","0.0907","0.0","0.0907","0.0","0.0","0.0","0.0907"
"Nygolaimoides","5","0.0","0.0","5.0","5","2.7347","0.0547","0.5659","0.6206","0.0","0.6206","0.0","0.0","0.0","0.6206","0.6522","0.013","0.1086","0.1217","0.0","0.1217","0.0","0.0","0.0","0.1217"
"Nygolaimus","5","0.0","0.0","5.0","5","4.7584","0.0952","0.7502","0.8453","0.0","0.8453","0.0","0.0","0.0","0.8453","1.8843","0.0377","0.2104","0.2478","0.0","0.2478","0.0","0.0","0.0","0.2478"
"Oceanicucullanus","0","0.0","0.0","0.0","0","1762.4553","0.0","74.2594","0.0","0.0","0.0","0.0","0.0","0.0","0.0","0.0","0.0","0.0","0.0","0.0","0.0","0.0","0.0","0.0","0.0"
"Odilia","0","0.0","0.0","0.0","0","62.2301","0.0","5.9127","0.0","0.0","0.0","0.0","0.0","0.0","0.0","29.6067","0.0","2.1862","0.0","0.0","0.0","0.0","0.0","0.0","0.0"
"Odontanticoma","0","0.0","0.0","1.8","3","15.5134","0.5171","2.1324","2.6496","0.0","2.6496","0.0","0.0","0.0","0.0","1.3616","0.0454","0.1405","0.1859","0.0","0.1859","0.0","0.0","0.0","0.0"
"Odontobius","0","0.8","0.0","0.0","2","4.8077","0.2404","0.8864","1.1267","0.0","0.0","0.0","0.0","0.0","0.0","0.0","0.0","0.0","0.0","0.0","0.0","0.0","0.0","0.0","0.0"
"Odontolaimus","3","0.0","0.0","1.8","3","0.1603","0.0053","0.0691","0.0744","0.0","0.0744","0.0","0.0","0.0744","0.0","0.0081","3.0E-4","0.0026","0.0029","0.0","0.0029","0.0","0.0","0.0029","0.0"
"Odontopharynx","5","0.0","3.2","0.0","1","0.8821","0.0882","0.2485","0.3367","0.3367","0.0","0.0","0.0","0.0","0.3367","0.0","0.0","0.0","0.0","0.0","0.0","0.0","0.0","0.0","0.0"
"Odontophora","0","0.0","0.0","1.8","3","7.3367","0.2446","1.1841","1.4286","0.0","1.4286","0.0","0.0","0.0","0.0","2.9017","0.0967","0.3505","0.4473","0.0","0.4473","0.0","0.0","0.0","0.0"
"Ogma","1","0.0","0.0","0.0","3","0.7147","0.0238","0.2074","0.2312","0.0","0.0","0.2312","0.0","0.0","0.0","0.0833","0.0028","0.0184","0.0211","0.0","0.0","0.0211","0.0","0.0","0.0"
"Oigolaimella","3","0.0","3.2","0.0","1","0.4416","0.0442","0.1469","0.1911","0.1911","0.0","0.0","0.0","0.1911","0.0","0.0856","0.0086","0.0212","0.0298","0.0298","0.0","0.0","0.0","0.0298","0.0"
"Oionchus","5","0.0","0.0","3.2","4","0.874","0.0218","0.2465","0.2683","0.0","0.2683","0.0","0.0","0.0","0.2683","0.0674","0.0017","0.0144","0.0161","0.0","0.0161","0.0","0.0","0.0","0.0161"
"Oligonchulus","5","0.0","0.0","3.2","4","0.9891","0.0247","0.2708","0.2955","0.0","0.2955","0.0","0.0","0.0","0.2955","0.0","0.0","0.0","0.0","0.0","0.0","0.0","0.0","0.0","0.0"
"Onchocerca","0","0.0","0.0","0.0","0","8026.4466","0.0","207.9867","0.0","0.0","0.0","0.0","0.0","0.0","0.0","7215.7756","0.0","166.5108","0.0","0.0","0.0","0.0","0.0","0.0","0.0"
"Oncholaimellus","0","0.0","0.0","3.2","4","5.4546","0.1364","0.9492","1.0856","0.0","1.0856","0.0","0.0","0.0","0.0","1.5059","0.0376","0.1946","0.2322","0.0","0.2322","0.0","0.0","0.0","0.0"
"Oncholaimus","0","0.0","0.0","3.2","4","32.8712","0.8218","3.4886","4.3104","0.0","4.3104","0.0","0.0","0.0","0.0","17.934","0.4484","1.4282","1.8764","0.0","1.8764","0.0","0.0","0.0","0.0"
"Onchulus","5","0.0","0.0","1.8","3","2.5368","0.0846","0.5123","0.5968","0.0","0.5968","0.0","0.0","0.0","0.5968","1.0492","0.035","0.1694","0.2044","0.0","0.2044","0.0","0.0","0.0","0.2044"
"Oonaguntus","8","0.0","0.0","3.2","4","0.3998","0.01","0.137","0.147","0.0","0.147","0.0","0.0","0.0","0.147","0.0568","0.0014","0.0146","0.0161","0.0","0.0161","0.0","0.0","0.0","0.0161"
"Oostenbrinkia","8","0.0","0.0","1.8","3","0.2041","0.0068","0.0798","0.0866","0.0","0.0866","0.0","0.0","0.0","0.0866","0.1218","0.0041","0.0379","0.042","0.0","0.042","0.0","0.0","0.0","0.042"
"Opailaimus","1","0.0","0.0","0.0","5","0.262","0.0052","0.1","0.1052","0.0","0.0","0.1052","0.0","0.0","0.0","0.0","0.0","0.0","0.0","0.0","0.0","0.0","0.0","0.0","0.0"
"Operculorhabditis","3","0.0","3.2","0.0","1","1.3998","0.14","0.3513","0.4913","0.4913","0.0","0.0","0.0","0.4913","0.0","0.0","0.0","0.0","0.0","0.0","0.0","0.0","0.0","0.0","0.0"
"Ophidascaris","0","0.0","0.0","0.0","0","100983.5384","0.0","1409.5428","0.0","0.0","0.0","0.0","0.0","0.0","0.0","35746.1787","0.0","366.9589","0.0","0.0","0.0","0.0","0.0","0.0","0.0"
"Opisthodorylaimus","8","0.0","0.0","5.0","5","1.5601","0.0312","0.3704","0.4016","0.0","0.4016","0.0","0.0","0.0","0.4016","0.4211","0.0084","0.0842","0.0926","0.0","0.0926","0.0","0.0","0.0","0.0926"
"Orientatractis","0","0.0","0.0","0.0","0","34.9465","0.0","3.9239","0.0","0.0","0.0","0.0","0.0","0.0","0.0","0.0","0.0","0.0","0.0","0.0","0.0","0.0","0.0","0.0","0.0"
"Oriverutoides","8","0.0","0.0","3.2","4","0.6168","0.0154","0.19","0.2054","0.0","0.2054","0.0","0.0","0.0","0.2054","0.0","0.0","0.0","0.0","0.0","0.0","0.0","0.0","0.0","0.0"
"Oriverutus","8","0.0","0.0","3.2","4","0.8972","0.0224","0.2368","0.2592","0.0","0.2592","0.0","0.0","0.0","0.2592","0.1648","0.0041","0.0278","0.0319","0.0","0.0319","0.0","0.0","0.0","0.0319"
"Orthophallonema","0","0.0","0.0","1.8","3","44.7549","1.4918","4.7238","6.2156","0.0","6.2156","0.0","0.0","0.0","0.0","0.0","0.0","0.0","0.0","0.0","0.0","0.0","0.0","0.0","0.0"
"Oscheius","3","0.0","3.2","0.0","1","6.5955","0.6596","1.0185","1.678","1.678","0.0","0.0","0.0","1.678","0.0","1.3068","0.1307","0.1442","0.2742","0.2742","0.0","0.0","0.0","0.2742","0.0"
"Oscheius","3","0.0","3.2","0.0","1","6.5955","0.6596","1.0185","1.678","1.678","0.0","0.0","0.0","1.678","0.0","1.3068","0.1307","0.1442","0.2742","0.2742","0.0","0.0","0.0","0.2742","0.0"
"Osstella","3","0.8","0.0","0.0","2","0.2099","0.0105","0.0846","0.0951","0.0","0.0","0.0","0.0","0.0951","0.0","0.0","0.0","0.0","0.0","0.0","0.0","0.0","0.0","0.0","0.0"
"Oswaldofilaria","0","0.0","0.0","0.0","0","1826.1719","0.0","76.2539","0.0","0.0","0.0","0.0","0.0","0.0","0.0","68.3594","0.0","2.1413","0.0","0.0","0.0","0.0","0.0","0.0","0.0"
"Ottolenchus","1","0.0","0.0","0.0","2","0.0569","0.0028","0.0318","0.0346","0.0","0.0","0.0346","0.0","0.0","0.0","0.0044","2.0E-4","0.0018","0.0021","0.0","0.0","0.0021","0.0","0.0","0.0"
"Oxybelondira","5","0.0","0.0","3.2","4","0.8366","0.0209","0.2388","0.2597","0.0","0.2597","0.0","0.0","0.0","0.2597","0.0","0.0","0.0","0.0","0.0","0.0","0.0","0.0","0.0","0.0"
"Oxydirus","5","0.0","0.0","3.2","4","1.8784","0.047","0.4251","0.4721","0.0","0.4721","0.0","0.0","0.0","0.4721","0.3673","0.0092","0.0621","0.0713","0.0","0.0713","0.0","0.0","0.0","0.0713"
"Oxyspirura","0","0.0","0.0","0.0","0","746.3692","0.0","38.9832","0.0","0.0","0.0","0.0","0.0","0.0","0.0","0.0","0.0","0.0","0.0","0.0","0.0","0.0","0.0","0.0","0.0"
"Oxystomina","0","0.0","0.0","3.2","4","0.3129","0.0078","0.1142","0.122","0.0","0.122","0.0","0.0","0.0","0.0","0.0","0.0","0.0","0.0","0.0","0.0","0.0","0.0","0.0","0.0"
"Pachydorylaimus","2","0.0","0.0","3.2","4","0.9877","0.0247","0.2691","0.2938","0.0","0.2938","0.0","0.2938","0.0","0.0","0.2277","0.0057","0.0469","0.0526","0.0","0.0526","0.0","0.0526","0.0","0.0"
"Panagrellus","3","0.0","3.2","0.0","1","2.2621","0.2262","0.4851","0.7113","0.7113","0.0","0.0","0.0","0.7113","0.0","0.406","0.0406","0.0674","0.108","0.108","0.0","0.0","0.0","0.108","0.0"
"Panagrobelus","3","0.0","3.2","0.0","1","0.5288","0.0529","0.1644","0.2173","0.2173","0.0","0.0","0.0","0.2173","0.0","0.1547","0.0155","0.0357","0.0512","0.0512","0.0","0.0","0.0","0.0512","0.0"
"Panagrolaimus","3","0.0","3.2","0.0","1","0.6333","0.0633","0.1896","0.2529","0.2529","0.0","0.0","0.0","0.2529","0.0","0.0757","0.0076","0.017","0.0246","0.0246","0.0","0.0","0.0","0.0246","0.0"
"Panagrolobus","3","0.8","0.0","0.0","2","0.07","0.0035","0.0372","0.0407","0.0","0.0","0.0","0.0","0.0407","0.0","0.0","0.0","0.0","0.0","0.0","0.0","0.0","0.0","0.0","0.0"
"Panduripharynx","0","0.0","0.0","1.8","3","7.0206","0.234","1.1775","1.4115","0.0","1.4115","0.0","0.0","0.0","0.0","0.0","0.0","0.0","0.0","0.0","0.0","0.0","0.0","0.0","0.0"
"Papillonema","0","0.0","0.0","1.8","3","1.4596","0.0487","0.3573","0.406","0.0","0.406","0.0","0.0","0.0","0.0","0.5599","0.0187","0.1051","0.1238","0.0","0.1238","0.0","0.0","0.0","0.0"
"Papuadorus","8","0.0","0.0","3.2","4","8.3038","0.2076","1.3354","1.543","0.0","1.543","0.0","0.0","0.0","1.543","0.0","0.0","0.0","0.0","0.0","0.0","0.0","0.0","0.0","0.0"
"Parabathylaimus","0","0.0","0.0","1.8","3","20.2386","0.6746","2.6049","3.2796","0.0","3.2796","0.0","0.0","0.0","0.0","0.0","0.0","0.0","0.0","0.0","0.0","0.0","0.0","0.0","0.0"
"Parabronema","0","0.0","0.0","0.0","0","9499.8109","0.0","206.84","0.0","0.0","0.0","0.0","0.0","0.0","0.0","8710.3518","0.0","167.1832","0.0","0.0","0.0","0.0","0.0","0.0","0.0"
"Paracamallanus","0","0.0","0.0","0.0","0","286.4149","0.0","19.0068","0.0","0.0","0.0","0.0","0.0","0.0","0.0","0.0","0.0","0.0","0.0","0.0","0.0","0.0","0.0","0.0","0.0"
"Paracanthonchus","0","0.0","0.0","1.8","3","3.8821","0.1294","0.755","0.8844","0.0","0.8844","0.0","0.0","0.0","0.0","0.0","0.0","0.0","0.0","0.0","0.0","0.0","0.0","0.0","0.0"
"Paracephalobus","3","0.8","0.0","0.0","2","0.5945","0.0297","0.1848","0.2146","0.0","0.0","0.0","0.0","0.2146","0.0","0.0","0.0","0.0","0.0","0.0","0.0","0.0","0.0","0.0","0.0"
"Paracomesoma","0","0.0","0.0","1.8","3","6.812","0.2271","1.1511","1.3782","0.0","1.3782","0.0","0.0","0.0","0.0","0.0","0.0","0.0","0.0","0.0","0.0","0.0","0.0","0.0","0.0"
"Paraconthonchus","0","0.0","0.0","1.8","3","1.5835","0.0528","0.3769","0.4297","0.0","0.4297","0.0","0.0","0.0","0.0","0.7458","0.0249","0.1378","0.1627","0.0","0.1627","0.0","0.0","0.0","0.0"
"Paracrassibucca","5","0.0","0.0","3.2","4","1.2188","0.0305","0.3167","0.3471","0.0","0.3471","0.0","0.0","0.0","0.3471","0.0","0.0","0.0","0.0","0.0","0.0","0.0","0.0","0.0","0.0"
"Paracrobeles","3","0.8","0.0","0.0","2","0.4943","0.0247","0.1607","0.1854","0.0","0.0","0.0","0.0","0.1854","0.0","0.0229","0.0011","0.0056","0.0067","0.0","0.0","0.0","0.0","0.0067","0.0"
"Paractinolaimus","5","0.0","0.0","5.0","5","6.9217","0.1384","1.1343","1.2728","0.0","1.2728","0.0","0.0","0.0","1.2728","0.6068","0.0121","0.0769","0.089","0.0","0.089","0.0","0.0","0.0","0.089"
"Paracyatholaimus","0","0.0","0.0","1.8","3","0.4904","0.0163","0.1583","0.1746","0.0","0.1746","0.0","0.0","0.0","0.0","0.0945","0.0032","0.0233","0.0264","0.0","0.0264","0.0","0.0","0.0","0.0"
"Paraditylenchus","2","0.8","0.8","0.0","2","0.0618","0.0031","0.0339","0.0369","0.0369","0.0","0.0","0.0369","0.0","0.0","0.0","0.0","0.0","0.0","0.0","0.0","0.0","0.0","0.0","0.0"
"Paradolichodera","1","0.0","0.0","0.0","3","22.887","0.7629","2.8566","3.6195","0.0","0.0","3.6195","0.0","0.0","0.0","0.0","0.0","0.0","0.0","0.0","0.0","0.0","0.0","0.0","0.0"
"Paradorylaimus","8","0.0","0.0","3.2","4","5.5666","0.1392","0.9465","1.0856","0.0","1.0856","0.0","0.0","0.0","1.0856","1.3842","0.0346","0.1665","0.201","0.0","0.201","0.0","0.0","0.0","0.201"
"Paradujardinia","0","0.0","0.0","0.0","0","618549.241","0.0","5852.4221","0.0","0.0","0.0","0.0","0.0","0.0","0.0","326307.0007","0.0","2421.0336","0.0","0.0","0.0","0.0","0.0","0.0","0.0"
"Parafilaroides","0","0.0","0.0","0.0","0","350.7106","0.0","21.3364","0.0","0.0","0.0","0.0","0.0","0.0","0.0","116.8548","0.0","5.2339","0.0","0.0","0.0","0.0","0.0","0.0","0.0"
"Paragendria","0","0.0","0.0","0.0","0","38.4647","0.0","4.2166","0.0","0.0","0.0","0.0","0.0","0.0","0.0","0.0","0.0","0.0","0.0","0.0","0.0","0.0","0.0","0.0","0.0"
"Parahadronchus","5","0.0","0.0","3.2","4","7.0258","0.1756","1.1552","1.3309","0.0","1.3309","0.0","0.0","0.0","1.3309","1.505","0.0376","0.1955","0.2331","0.0","0.2331","0.0","0.0","0.0","0.2331"
"Paralongidorus","1","0.0","0.0","0.0","5","22.6294","0.4526","2.6537","3.1062","0.0","0.0","3.1062","0.0","0.0","0.0","3.5591","0.0712","0.3259","0.397","0.0","0.0","0.397","0.0","0.0","0.0"
"Paramesacanthion","0","0.8","0.0","0.0","2","183.3106","9.1655","13.433","22.5985","0.0","0.0","0.0","0.0","0.0","0.0","65.4044","3.2702","3.6648","6.935","0.0","0.0","0.0","0.0","0.0","0.0"
"Paramicrolaimus","0","0.0","0.0","1.8","3","4.0196","0.134","0.7696","0.9035","0.0","0.9035","0.0","0.0","0.0","0.0","0.6016","0.0201","0.0897","0.1097","0.0","0.1097","0.0","0.0","0.0","0.0"
"Paramphidelus","3","0.0","0.0","3.2","4","0.198","0.005","0.0758","0.0808","0.0","0.0808","0.0","0.0","0.0808","0.0","0.0459","0.0011","0.0132","0.0144","0.0","0.0144","0.0","0.0","0.0144","0.0"
"Paramylonchulus","5","0.0","0.0","3.2","4","0.6002","0.015","0.1842","0.1992","0.0","0.1992","0.0","0.0","0.0","0.1992","0.1376","0.0034","0.0325","0.036","0.0","0.036","0.0","0.0","0.0","0.036"
"Paraphanolaimus","3","0.0","0.0","1.8","3","0.7151","0.0238","0.2099","0.2337","0.0","0.2337","0.0","0.0","0.2337","0.0","0.0872","0.0029","0.0202","0.0231","0.0","0.0231","0.0","0.0","0.0231","0.0"
"Parapharyngodon","0","0.0","0.0","0.0","0","1100.4459","0.0","50.2445","0.0","0.0","0.0","0.0","0.0","0.0","0.0","469.9711","0.0","16.9035","0.0","0.0","0.0","0.0","0.0","0.0","0.0"
"Paraphelenchus","2","0.8","0.8","0.0","2","0.3356","0.0168","0.118","0.1348","0.1348","0.0","0.0","0.1348","0.0","0.0","0.0617","0.0031","0.0154","0.0184","0.0184","0.0","0.0","0.0184","0.0","0.0"
"Parapinnanema","0","0.0","0.0","1.8","3","9.3397","0.3113","1.4039","1.7152","0.0","1.7152","0.0","0.0","0.0","0.0","1.8235","0.0608","0.214","0.2746","0.0","0.2746","0.0","0.0","0.0","0.0"
"Paraplectonema","0","0.0","0.0","1.8","3","0.6162","0.0205","0.1889","0.2094","0.0","0.2094","0.0","0.0","0.0","0.0","0.0719","0.0024","0.0166","0.019","0.0","0.019","0.0","0.0","0.0","0.0"
"Pararaeolaimus","0","0.0","0.0","1.8","3","0.2681","0.0089","0.1017","0.1106","0.0","0.1106","0.0","0.0","0.0","0.0","0.0","0.0","0.0","0.0","0.0","0.0","0.0","0.0","0.0","0.0"
"Pararhyssocolpus","8","0.0","0.0","3.2","4","0.5565","0.0139","0.1759","0.1898","0.0","0.1898","0.0","0.0","0.0","0.1898","0.0","0.0","0.0","0.0","0.0","0.0","0.0","0.0","0.0","0.0"
"Pararotylenchus","1","0.0","0.0","0.0","3","0.9381","0.0313","0.2574","0.2887","0.0","0.0","0.2887","0.0","0.0","0.0","0.1078","0.0036","0.0221","0.0257","0.0","0.0","0.0257","0.0","0.0","0.0"
"Parasitodiplogaster","3","0.0","3.2","0.0","1","4.3442","0.4344","0.7868","1.2213","1.2213","0.0","0.0","0.0","1.2213","0.0","1.56","0.156","0.2101","0.3659","0.3659","0.0","0.0","0.0","0.3659","0.0"
"Parasitorhabditis","3","0.0","3.2","0.0","1","1.2417","0.1242","0.3125","0.4367","0.4367","0.0","0.0","0.0","0.4367","0.0","0.1059","0.0106","0.02","0.0305","0.0305","0.0","0.0","0.0","0.0305","0.0"
"Parasitylenchus","0","0.0","0.0","0.0","0","2.1566","0.0","0.4858","0.0","0.0","0.0","0.0","0.0","0.0","0.0","0.0","0.0","0.0","0.0","0.0","0.0","0.0","0.0","0.0","0.0"
"Parastomachoglossa","5","0.0","0.0","5.0","5","7.5746","0.1515","1.2298","1.3813","0.0","1.3813","0.0","0.0","0.0","1.3813","2.0478","0.041","0.2499","0.2909","0.0","0.2909","0.0","0.0","0.0","0.2909"
"Paratimminema","8","0.0","0.0","5.0","5","0.1498","0.003","0.0657","0.0687","0.0","0.0687","0.0","0.0","0.0","0.0687","0.0","0.0","0.0","0.0","0.0","0.0","0.0","0.0","0.0","0.0"
"Paratimmus","5","0.0","0.0","3.2","4","0.9987","0.025","0.2727","0.2977","0.0","0.2977","0.0","0.0","0.0","0.2977","0.0","0.0","0.0","0.0","0.0","0.0","0.0","0.0","0.0","0.0"
"Paratractis","0","0.0","0.0","0.0","0","256.5732","0.0","17.5013","0.0","0.0","0.0","0.0","0.0","0.0","0.0","0.0","0.0","0.0","0.0","0.0","0.0","0.0","0.0","0.0","0.0"
"Paratrichodorus","1","0.0","0.0","0.0","4","0.7471","0.0187","0.2128","0.2315","0.0","0.0","0.2315","0.0","0.0","0.0","0.1103","0.0028","0.0239","0.0266","0.0","0.0","0.0266","0.0","0.0","0.0"
"Paratrichsoma","0","0.0","0.0","0.0","0","51.8163","0.0","5.2725","0.0","0.0","0.0","0.0","0.0","0.0","0.0","0.0","0.0","0.0","0.0","0.0","0.0","0.0","0.0","0.0","0.0"
"Paratrophurus","1","0.0","0.0","0.0","3","0.3211","0.0107","0.1122","0.1229","0.0","0.0","0.1229","0.0","0.0","0.0","0.0369","0.0012","0.0091","0.0103","0.0","0.0","0.0103","0.0","0.0","0.0"
"Paratylencholaimus","2","0.0","0.0","3.2","4","0.1908","0.0048","0.0788","0.0836","0.0","0.0836","0.0","0.0836","0.0","0.0","0.0","0.0","0.0","0.0","0.0","0.0","0.0","0.0","0.0","0.0"
"Paratylenchus","1","0.0","0.0","0.0","2","0.0512","0.0026","0.0283","0.0308","0.0","0.0","0.0308","0.0","0.0","0.0","0.0029","1.0E-4","0.0011","0.0013","0.0","0.0","0.0013","0.0","0.0","0.0"
"Paravulvus","5","0.0","0.0","5.0","5","1.1645","0.0233","0.3015","0.3247","0.0","0.3247","0.0","0.0","0.0","0.3247","0.1614","0.0032","0.032","0.0352","0.0","0.0352","0.0","0.0","0.0","0.0352"
"Paraxiphidorus","1","0.0","0.0","0.0","5","13.953","0.2791","1.9214","2.2004","0.0","0.0","2.2004","0.0","0.0","0.0","5.328","0.1066","0.5477","0.6542","0.0","0.0","0.6542","0.0","0.0","0.0"
"Paraxonchium","8","0.0","0.0","5.0","5","5.5726","0.1115","0.9346","1.0461","0.0","1.0461","0.0","0.0","0.0","1.0461","1.6377","0.0328","0.2238","0.2564","0.0","0.2564","0.0","0.0","0.0","0.2564"
"Pareudesmoscolex","0","0.0","0.0","3.2","4","113.9063","2.8477","9.5186","12.3663","0.0","12.3663","0.0","0.0","0.0","0.0","0.0","0.0","0.0","0.0","0.0","0.0","0.0","0.0","0.0","0.0"
"Pareudiplogaster","3","0.0","3.2","0.0","1","0.7347","0.0735","0.1935","0.267","0.267","0.0","0.0","0.0","0.267","0.0","0.6714","0.0671","0.159","0.2262","0.2262","0.0","0.0","0.0","0.2262","0.0"
"Pareurystomina","0","0.0","0.0","3.2","4","6.7792","0.1695","1.147","1.3164","0.0","1.3164","0.0","0.0","0.0","0.0","0.0","0.0","0.0","0.0","0.0","0.0","0.0","0.0","0.0","0.0"
"Parironus","0","0.0","0.0","3.2","4","27.5699","0.6892","3.2846","3.9739","0.0","3.9739","0.0","0.0","0.0","0.0","0.0","0.0","0.0","0.0","0.0","0.0","0.0","0.0","0.0","0.0"
"Parkellus","5","0.0","0.0","3.2","4","11.3308","0.2833","1.6688","1.952","0.0","1.952","0.0","0.0","0.0","1.952","2.5063","0.0627","0.2883","0.351","0.0","0.351","0.0","0.0","0.0","0.351"
"Paroigolaimella","3","0.0","3.2","0.0","1","1.2039","0.1204","0.3077","0.4281","0.4281","0.0","0.0","0.0","0.4281","0.0","0.3084","0.0308","0.061","0.0918","0.0918","0.0","0.0","0.0","0.0918","0.0"
"Paroriverutus","8","0.0","0.0","3.2","4","1.5039","0.0376","0.3708","0.4084","0.0","0.4084","0.0","0.0","0.0","0.4084","0.0","0.0","0.0","0.0","0.0","0.0","0.0","0.0","0.0","0.0"
"Paroxonchium","8","0.0","0.0","5.0","5","2.8468","0.0569","0.5983","0.6553","0.0","0.6553","0.0","0.0","0.0","0.6553","0.0","0.0","0.0","0.0","0.0","0.0","0.0","0.0","0.0","0.0"
"Paurodontella","7","0.0","0.0","1.8","3","0.1914","0.0064","0.0744","0.0808","0.0","0.0808","0.0","0.0","0.0","0.0","0.054","0.0018","0.0144","0.0162","0.0","0.0162","0.0","0.0","0.0","0.0"
"Pellioditis","3","0.0","3.2","0.0","1","7.1173","0.7117","1.1636","1.8753","1.8753","0.0","0.0","0.0","1.8753","0.0","1.3835","0.1383","0.174","0.3123","0.3123","0.0","0.0","0.0","0.3123","0.0"
"Pelodera","3","0.0","3.2","0.0","1","8.5003","0.85","1.3497","2.1997","2.1997","0.0","0.0","0.0","2.1997","0.0","0.8263","0.0826","0.102","0.1846","0.1846","0.0","0.0","0.0","0.1846","0.0"
"Peltamigratus","1","0.0","0.0","0.0","3","0.4075","0.0136","0.1387","0.1523","0.0","0.0","0.1523","0.0","0.0","0.0","0.0333","0.0011","0.0084","0.0095","0.0","0.0","0.0095","0.0","0.0","0.0"
"Penjatinema","3","0.8","0.0","0.0","2","0.9314","0.0466","0.2585","0.3051","0.0","0.0","0.0","0.0","0.3051","0.0","0.1078","0.0054","0.0225","0.0279","0.0","0.0","0.0","0.0","0.0279","0.0"
"Penzancia","3","0.8","0.0","0.0","2","0.4555","0.0228","0.1514","0.1741","0.0","0.0","0.0","0.0","0.1741","0.0","0.0","0.0","0.0","0.0","0.0","0.0","0.0","0.0","0.0","0.0"
"Perepsilonema","0","0.0","0.0","3.2","4","0.2539","0.0063","0.0976","0.104","0.0","0.104","0.0","0.0","0.0","0.0","0.0","0.0","0.0","0.0","0.0","0.0","0.0","0.0","0.0","0.0"
"Phallaxonchium","1","0.0","0.0","0.0","5","1.5689","0.0314","0.3827","0.4141","0.0","0.0","0.4141","0.0","0.0","0.0","0.0","0.0","0.0","0.0","0.0","0.0","0.0","0.0","0.0","0.0"
"Phanodermopsis","0","0.0","0.0","3.2","4","88.2677","2.2067","7.1148","9.3215","0.0","9.3215","0.0","0.0","0.0","0.0","34.3997","0.86","2.1216","2.979","0.0","2.979","0.0","0.0","0.0","0.0"
"Pharyngodon","0","0.0","0.0","0.0","0","233.8666","0.0","16.3263","0.0","0.0","0.0","0.0","0.0","0.0","0.0","0.0","0.0","0.0","0.0","0.0","0.0","0.0","0.0","0.0","0.0"
"Phasmarhabditis","3","0.0","3.2","0.0","1","15.2222","1.5222","2.0342","3.5564","3.5564","0.0","0.0","0.0","3.5564","0.0","1.8612","0.1861","0.1978","0.3837","0.3837","0.0","0.0","0.0","0.3837","0.0"
"Phasmarhabditis","3","0.0","3.2","0.0","1","15.2222","1.5222","2.0342","3.5564","3.5564","0.0","0.0","0.0","3.5564","0.0","1.8612","0.1861","0.1978","0.3837","0.3837","0.0","0.0","0.0","0.3837","0.0"
"Philometra","0","0.0","0.0","0.0","0","85012.4424","0.0","1161.8815","0.0","0.0","0.0","0.0","0.0","0.0","0.0","27235.8156","0.0","343.5304","0.0","0.0","0.0","0.0","0.0","0.0","0.0"
"Phylloncholaimus","0","0.0","0.0","3.2","4","161.6031","4.0401","12.2965","16.3366","0.0","16.3366","0.0","0.0","0.0","0.0","41.3642","1.0341","2.3837","3.4178","0.0","3.4178","0.0","0.0","0.0","0.0"
"Physaloptera","0","0.0","0.0","0.0","0","42477.8796","0.0","807.7645","0.0","0.0","0.0","0.0","0.0","0.0","0.0","0.0","0.0","0.0","0.0","0.0","0.0","0.0","0.0","0.0","0.0"
"Pingus","0","0.0","0.0","0.0","0","61.5094","0.0","5.9961","0.0","0.0","0.0","0.0","0.0","0.0","0.0","0.0","0.0","0.0","0.0","0.0","0.0","0.0","0.0","0.0","0.0"
"Placentonema","0","0.0","0.0","0.0","0","1.7589068008493E9","0.0","2344740.4092","0.0","0.0","0.0","0.0","0.0","0.0","0.0","0.0","0.0","0.0","0.0","0.0","0.0","0.0","0.0","0.0","0.0"
"Placodira","3","0.8","0.0","0.0","2","0.7885","0.0394","0.2284","0.2679","0.0","0.0","0.0","0.0","0.2679","0.0","0.0","0.0","0.0","0.0","0.0","0.0","0.0","0.0","0.0","0.0"
"Platonova","0","0.0","0.0","1.8","3","1339.2543","44.6418","59.6639","104.3057","0.0","104.3057","0.0","0.0","0.0","0.0","487.0204","16.234","16.6032","32.8372","0.0","32.8372","0.0","0.0","0.0","0.0"
"Platycomopsis","0","0.0","0.0","1.8","3","248.8362","8.2945","17.104","25.3985","0.0","25.3985","0.0","0.0","0.0","0.0","0.0","0.0","0.0","0.0","0.0","0.0","0.0","0.0","0.0","0.0"
"Plectonchus","3","0.0","3.2","0.0","1","0.6039","0.0604","0.1723","0.2327","0.2327","0.0","0.0","0.0","0.2327","0.0","0.2396","0.024","0.0484","0.0723","0.0723","0.0","0.0","0.0","0.0723","0.0"
"Plectus","3","0.8","0.0","0.0","2","0.8873","0.0444","0.2232","0.2676","0.0","0.0","0.0","0.0","0.2676","0.0","0.141","0.007","0.028","0.0351","0.0","0.0","0.0","0.0","0.0351","0.0"
"Pleurotylenchus","1","0.0","0.0","0.0","2","0.1634","0.0082","0.0694","0.0775","0.0","0.0","0.0775","0.0","0.0","0.0","0.0378","0.0019","0.0125","0.0144","0.0","0.0","0.0144","0.0","0.0","0.0"
"Pneumoatractis","0","0.0","0.0","0.0","0","8.7288","0.0","1.3864","0.0","0.0","0.0","0.0","0.0","0.0","0.0","0.0","0.0","0.0","0.0","0.0","0.0","0.0","0.0","0.0","0.0"
"Poikilolaimus","3","0.0","3.2","0.0","1","0.348","0.0348","0.1236","0.1584","0.1584","0.0","0.0","0.0","0.1584","0.0","0.0331","0.0033","0.0088","0.0121","0.0121","0.0","0.0","0.0","0.0121","0.0"
"Polenchus","1","0.0","0.0","0.0","2","0.1169","0.0058","0.0537","0.0595","0.0","0.0","0.0595","0.0","0.0","0.0","0.0327","0.0016","0.0119","0.0136","0.0","0.0","0.0136","0.0","0.0","0.0"
"Polyonchulus","5","0.0","0.0","3.2","4","0.7266","0.0182","0.2149","0.233","0.0","0.233","0.0","0.0","0.0","0.233","0.0084","2.0E-4","0.0019","0.0021","0.0","0.0021","0.0","0.0","0.0","0.0021"
"Porrocaecum","0","0.0","0.0","0.0","0","229427.4841","0.0","2861.8491","0.0","0.0","0.0","0.0","0.0","0.0","0.0","0.0","0.0","0.0","0.0","0.0","0.0","0.0","0.0","0.0","0.0"
"Potensaphelenchus","5","0.8","0.0","0.0","2","0.5527","0.0276","0.175","0.2026","0.0","0.0","0.0","0.0","0.0","0.2026","0.0","0.0","0.0","0.0","0.0","0.0","0.0","0.0","0.0","0.0"
"Pratylenchoides","1","0.0","0.0","0.0","3","0.3813","0.0127","0.1302","0.1429","0.0","0.0","0.1429","0.0","0.0","0.0","0.035","0.0012","0.0094","0.0106","0.0","0.0","0.0106","0.0","0.0","0.0"
"Pratylenchus","1","0.0","0.0","0.0","3","0.1438","0.0048","0.0629","0.0677","0.0","0.0","0.0677","0.0","0.0","0.0","0.0063","2.0E-4","0.002","0.0022","0.0","0.0","0.0022","0.0","0.0","0.0"
"Prionchulus","5","0.0","0.0","3.2","4","11.5883","0.2897","1.6789","1.9686","0.0","1.9686","0.0","0.0","0.0","1.9686","1.641","0.041","0.1769","0.2178","0.0","0.2178","0.0","0.0","0.0","0.2178"
"Prismatolaimus","3","0.0","0.0","1.8","3","0.3565","0.0119","0.1135","0.1254","0.0","0.1254","0.0","0.0","0.1254","0.0","0.1391","0.0046","0.0304","0.035","0.0","0.035","0.0","0.0","0.035","0.0"
"Pristionchus","5","0.0","3.2","0.0","1","5.5645","0.5564","0.9529","1.5093","1.5093","0.0","0.0","0.0","0.0","1.5093","1.0904","0.109","0.1442","0.253","0.253","0.0","0.0","0.0","0.0","0.253"
"Probelondira","1","0.0","0.0","0.0","5","0.5496","0.011","0.1743","0.1853","0.0","0.0","0.1853","0.0","0.0","0.0","0.0","0.0","0.0","0.0","0.0","0.0","0.0","0.0","0.0","0.0"
"Probstmayria","0","0.0","0.0","0.0","0","15.2201","0.0","2.077","0.0","0.0","0.0","0.0","0.0","0.0","0.0","5.5099","0.0","0.5753","0.0","0.0","0.0","0.0","0.0","0.0","0.0"
"Procamallanus","0","0.0","0.0","0.0","0","5220.6073","0.0","148.9421","0.0","0.0","0.0","0.0","0.0","0.0","0.0","1938.7192","0.0","46.0862","0.0","0.0","0.0","0.0","0.0","0.0","0.0"
"Procephalobus","3","0.0","3.2","0.0","1","0.5518","0.0552","0.1748","0.23","0.23","0.0","0.0","0.0","0.23","0.0","0.0","0.0","0.0","0.0","0.0","0.0","0.0","0.0","0.0","0.0"
"Prochaetosoma","0","0.0","0.0","1.8","3","0.7444","0.0248","0.2188","0.2436","0.0","0.2436","0.0","0.0","0.0","0.0","0.0","0.0","0.0","0.0","0.0","0.0","0.0","0.0","0.0","0.0"
"Prochromadora","0","0.0","0.0","1.8","3","0.6691","0.0223","0.202","0.2243","0.0","0.2243","0.0","0.0","0.0","0.0","0.0099","3.0E-4","0.0022","0.0026","0.0","0.0026","0.0","0.0","0.0","0.0"
"Prochromadorella","0","0.0","0.0","1.8","3","1.6409","0.0547","0.3303","0.385","0.0","0.385","0.0","0.0","0.0","0.0","1.494","0.0498","0.2656","0.3154","0.0","0.3154","0.0","0.0","0.0","0.0"
"Procyonostrongylus","0","0.0","0.0","0.0","0","1946.88","0.0","80.0142","0.0","0.0","0.0","0.0","0.0","0.0","0.0","0.0","0.0","0.0","0.0","0.0","0.0","0.0","0.0","0.0","0.0"
"Procyrnea","0","0.0","0.0","0.0","0","2027.6983","0.0","82.1737","0.0","0.0","0.0","0.0","0.0","0.0","0.0","409.8017","0.0","12.5309","0.0","0.0","0.0","0.0","0.0","0.0","0.0"
"Prodesmodora","0","0.0","0.0","1.8","3","0.1804","0.006","0.0708","0.0768","0.0","0.0768","0.0","0.0","0.0","0.0","0.0447","0.0015","0.0138","0.0153","0.0","0.0153","0.0","0.0","0.0","0.0"
"Prodorylaimium","8","0.0","0.0","3.2","4","1.9003","0.0475","0.436","0.4835","0.0","0.4835","0.0","0.0","0.0","0.4835","0.4391","0.011","0.0734","0.0844","0.0","0.0844","0.0","0.0","0.0","0.0844"
"Prodorylaimus","8","0.0","0.0","3.2","4","5.6305","0.1408","0.926","1.0668","0.0","1.0668","0.0","0.0","0.0","1.0668","1.3491","0.0337","0.1667","0.2004","0.0","0.2004","0.0","0.0","0.0","0.2004"
"Proleptonchus","2","0.0","0.0","3.2","4","1.2792","0.032","0.3207","0.3527","0.0","0.3527","0.0","0.3527","0.0","0.0","0.1757","0.0044","0.0322","0.0366","0.0","0.0366","0.0","0.0366","0.0","0.0"
"Proleptus","0","0.0","0.0","0.0","0","20716.5195","0.0","452.5511","0.0","0.0","0.0","0.0","0.0","0.0","0.0","8520.6171","0.0","154.2783","0.0","0.0","0.0","0.0","0.0","0.0","0.0"
"Propanagrolaimus","3","0.0","3.2","0.0","1","0.5688","0.0569","0.1738","0.2307","0.2307","0.0","0.0","0.0","0.2307","0.0","0.1282","0.0128","0.0299","0.0427","0.0427","0.0","0.0","0.0","0.0427","0.0"
"Prothallonema","7","0.0","0.0","1.8","3","0.1727","0.0058","0.0681","0.0738","0.0","0.0738","0.0","0.0","0.0","0.0","0.1349","0.0045","0.0447","0.0492","0.0","0.0492","0.0","0.0","0.0","0.0"
"Protorhabditis","3","0.0","3.2","0.0","1","0.2641","0.0264","0.097","0.1234","0.1234","0.0","0.0","0.0","0.1234","0.0","0.0741","0.0074","0.0197","0.0271","0.0271","0.0","0.0","0.0","0.0271","0.0"
"Protrellus","0","0.0","0.0","0.0","0","82.2279","0.0","7.4139","0.0","0.0","0.0","0.0","0.0","0.0","0.0","19.712","0.0","1.3444","0.0","0.0","0.0","0.0","0.0","0.0","0.0"
"Pselionema","0","0.0","0.0","1.8","3","0.3217","0.0107","0.1141","0.1248","0.0","0.1248","0.0","0.0","0.0","0.0","0.1506","0.005","0.0415","0.0465","0.0","0.0465","0.0","0.0","0.0","0.0"
"Pseudacrobeles","3","0.8","0.0","0.0","2","0.217","0.0109","0.0856","0.0964","0.0","0.0","0.0","0.0","0.0964","0.0","0.0189","9.0E-4","0.0058","0.0067","0.0","0.0","0.0","0.0","0.0067","0.0"
"Pseudaphelenchus","2","0.8","0.8","0.0","2","0.0729","0.0036","0.0383","0.0419","0.0419","0.0","0.0","0.0419","0.0","0.0","9.0E-4","0.0","4.0E-4","4.0E-4","4.0E-4","0.0","0.0","4.0E-4","0.0","0.0"
"Pseudhalenchus","2","0.8","0.8","0.0","2","0.0482","0.0024","0.0281","0.0305","0.0305","0.0","0.0","0.0305","0.0","0.0","0.0","0.0","0.0","0.0","0.0","0.0","0.0","0.0","0.0","0.0"
"Pseudoaulolaimus","3","0.0","0.0","1.8","3","0.7952","0.0265","0.2296","0.2561","0.0","0.2561","0.0","0.0","0.2561","0.0","0.0711","0.0024","0.0153","0.0177","0.0","0.0177","0.0","0.0","0.0177","0.0"
"Pseudocella","0","0.0","0.0","1.8","3","244.9358","8.1645","16.1638","24.3284","0.0","24.3284","0.0","0.0","0.0","0.0","61.9905","2.0664","2.9705","5.0326","0.0","5.0326","0.0","0.0","0.0","0.0"
"Pseudocheironchus","0","0.0","0.0","3.2","4","1.147","0.0287","0.3026","0.3312","0.0","0.3312","0.0","0.0","0.0","0.0","0.0","0.0","0.0","0.0","0.0","0.0","0.0","0.0","0.0","0.0"
"Pseudodelphis","0","0.0","0.0","0.0","0","9741.0627","0.0","231.1561","0.0","0.0","0.0","0.0","0.0","0.0","0.0","8032.8276","0.0","163.5763","0.0","0.0","0.0","0.0","0.0","0.0","0.0"
"Pseudodesmicola","0","0.0","0.0","0.0","0","10.8722","0.0","1.6346","0.0","0.0","0.0","0.0","0.0","0.0","0.0","0.0","0.0","0.0","0.0","0.0","0.0","0.0","0.0","0.0","0.0"
"Pseudonchulus","5","0.0","0.0","1.8","3","4.3644","0.1455","0.8243","0.9698","0.0","0.9698","0.0","0.0","0.0","0.9698","0.0","0.0","0.0","0.0","0.0","0.0","0.0","0.0","0.0","0.0"
"Pseudosteineria","0","0.0","0.0","1.8","3","6.6684","0.2223","1.1329","1.3551","0.0","1.3551","0.0","0.0","0.0","0.0","0.0","0.0","0.0","0.0","0.0","0.0","0.0","0.0","0.0","0.0"
"Pseudoterschellingia","0","0.8","0.0","0.0","2","0.8185","0.0409","0.2349","0.2759","0.0","0.0","0.0","0.0","0.0","0.0","0.0","0.0","0.0","0.0","0.0","0.0","0.0","0.0","0.0","0.0"
"Pseudoxyo","0","0.0","0.0","0.0","0","85.1455","0.0","7.6501","0.0","0.0","0.0","0.0","0.0","0.0","0.0","4.5575","0.0","0.3072","0.0","0.0","0.0","0.0","0.0","0.0","0.0"
"Psilenchus","1","0.0","0.0","0.0","2","0.5515","0.0276","0.1669","0.1945","0.0","0.0","0.1945","0.0","0.0","0.0","0.0812","0.0041","0.0177","0.0217","0.0","0.0","0.0217","0.0","0.0","0.0"
"Pterotylenchus","1","0.0","0.0","0.0","2","0.2583","0.0129","0.0989","0.1118","0.0","0.0","0.1118","0.0","0.0","0.0","0.0","0.0","0.0","0.0","0.0","0.0","0.0","0.0","0.0","0.0"
"Pterygonema","0","0.0","0.0","1.8","3","0.2815","0.0094","0.1055","0.1149","0.0","0.1149","0.0","0.0","0.0","0.0","0.0","0.0","0.0","0.0","0.0","0.0","0.0","0.0","0.0","0.0"
"Pterygorhabditis","3","0.0","3.2","0.0","1","0.3913","0.0391","0.1351","0.1742","0.1742","0.0","0.0","0.0","0.1742","0.0","0.003","3.0E-4","8.0E-4","0.0011","0.0011","0.0","0.0","0.0","0.0011","0.0"
"Ptychaphelenchus","2","0.8","0.8","0.0","2","0.0916","0.0046","0.0454","0.05","0.05","0.0","0.0","0.05","0.0","0.0","0.0","0.0","0.0","0.0","0.0","0.0","0.0","0.0","0.0","0.0"
"Ptycholaimellus","0","0.0","0.0","1.8","3","0.5047","0.0168","0.162","0.1788","0.0","0.1788","0.0","0.0","0.0","0.0","0.1083","0.0036","0.0267","0.0304","0.0","0.0304","0.0","0.0","0.0","0.0"
"Punctodera","1","0.0","0.0","0.0","3","30.1523","1.0051","3.3689","4.374","0.0","0.0","4.374","0.0","0.0","0.0","5.8249","0.1942","0.5283","0.7223","0.0","0.0","0.7223","0.0","0.0","0.0"
"Punctodora","3","0.0","0.0","1.8","3","0.6603","0.022","0.1994","0.2214","0.0","0.2214","0.0","0.0","0.2214","0.0","0.0681","0.0023","0.0154","0.0177","0.0","0.0177","0.0","0.0","0.0177","0.0"
"Pungentella","8","0.0","0.0","3.2","4","0.2666","0.0067","0.1013","0.108","0.0","0.108","0.0","0.0","0.0","0.108","0.0","0.0","0.0","0.0","0.0","0.0","0.0","0.0","0.0","0.0"
"Pungentus","8","0.0","0.0","3.2","4","1.935","0.0484","0.4152","0.4635","0.0","0.4635","0.0","0.0","0.0","0.4635","0.331","0.0083","0.0547","0.0629","0.0","0.0629","0.0","0.0","0.0","0.0629"
"Qudsiella","5","0.0","0.0","3.2","4","0.626","0.0157","0.1883","0.204","0.0","0.204","0.0","0.0","0.0","0.204","0.2803","0.007","0.0653","0.0723","0.0","0.0723","0.0","0.0","0.0","0.0723"
"Quinisulcius","1","0.0","0.0","0.0","3","0.2043","0.0068","0.0821","0.0889","0.0","0.0","0.0889","0.0","0.0","0.0","0.0147","5.0E-4","0.0046","0.005","0.0","0.0","0.005","0.0","0.0","0.0"
"Radopholoides","1","0.0","0.0","0.0","3","0.0859","0.0029","0.043","0.0459","0.0","0.0","0.0459","0.0","0.0","0.0","0.013","4.0E-4","0.005","0.0055","0.0","0.0","0.0055","0.0","0.0","0.0"
"Radopholus","1","0.0","0.0","0.0","3","0.2122","0.0071","0.0852","0.0923","0.0","0.0","0.0923","0.0","0.0","0.0","0.0104","3.0E-4","0.0031","0.0035","0.0","0.0","0.0035","0.0","0.0","0.0"
"Rafflesius","8","0.0","0.0","3.2","4","0.7023","0.0176","0.2094","0.227","0.0","0.227","0.0","0.0","0.0","0.227","0.0","0.0","0.0","0.0","0.0","0.0","0.0","0.0","0.0","0.0"
"Raphidascaris","0","0.0","0.0","0.0","0","4532.0093","0.0","136.1468","0.0","0.0","0.0","0.0","0.0","0.0","0.0","2503.0303","0.0","62.7428","0.0","0.0","0.0","0.0","0.0","0.0","0.0"
"Raphidascaroides","0","0.0","0.0","0.0","0","65143.9928","0.0","1113.1878","0.0","0.0","0.0","0.0","0.0","0.0","0.0","0.0","0.0","0.0","0.0","0.0","0.0","0.0","0.0","0.0","0.0"
"Rhabditella","3","0.0","3.2","0.0","1","3.8793","0.3879","0.7434","1.1314","1.1314","0.0","0.0","0.0","1.1314","0.0","1.5128","0.1513","0.2226","0.3738","0.3738","0.0","0.0","0.0","0.3738","0.0"
"Rhabditidoides","3","0.0","3.2","0.0","1","0.4018","0.0402","0.1378","0.1779","0.1779","0.0","0.0","0.0","0.1779","0.0","0.0","0.0","0.0","0.0","0.0","0.0","0.0","0.0","0.0","0.0"
"Rhabditis","3","0.0","3.2","0.0","1","7.4997","0.75","1.0793","1.8293","1.8293","0.0","0.0","0.0","1.8293","0.0","2.8186","0.2819","0.3153","0.5962","0.5962","0.0","0.0","0.0","0.5962","0.0"
"Rhabditoides","3","0.0","3.2","0.0","1","7.1834","0.7183","1.1979","1.9162","1.9162","0.0","0.0","0.0","1.9162","0.0","0.0","0.0","0.0","0.0","0.0","0.0","0.0","0.0","0.0","0.0"
"Rhabditolaimus","3","0.0","3.2","0.0","1","0.3386","0.0339","0.1212","0.155","0.155","0.0","0.0","0.0","0.155","0.0","0.0","0.0","0.0","0.0","0.0","0.0","0.0","0.0","0.0","0.0"
"Rhabditophanes","3","0.0","3.2","0.0","1","1.9095","0.191","0.4322","0.6232","0.6232","0.0","0.0","0.0","0.6232","0.0","0.4291","0.0429","0.0717","0.1146","0.1146","0.0","0.0","0.0","0.1146","0.0"
"Rhabdochona","0","0.0","0.0","0.0","0","353.9995","0.0","21.3184","0.0","0.0","0.0","0.0","0.0","0.0","0.0","107.0987","0.0","4.9966","0.0","0.0","0.0","0.0","0.0","0.0","0.0"
"Rhabdodemania","0","0.0","0.0","1.8","3","36.0619","1.2021","3.7632","4.9652","0.0","4.9652","0.0","0.0","0.0","0.0","11.6102","0.387","0.9763","1.3624","0.0","1.3624","0.0","0.0","0.0","0.0"
"Rhabdolaimus","3","0.0","0.0","1.8","3","0.1069","0.0036","0.0499","0.0534","0.0","0.0534","0.0","0.0","0.0534","0.0","0.0206","7.0E-4","0.0072","0.0079","0.0","0.0079","0.0","0.0","0.0079","0.0"
"Rhabpanus","3","0.0","3.2","0.0","1","1.2148","0.1215","0.3159","0.4374","0.4374","0.0","0.0","0.0","0.4374","0.0","0.0","0.0","0.0","0.0","0.0","0.0","0.0","0.0","0.0","0.0"
"Rhadinema","0","0.0","0.0","1.8","3","1.4015","0.0467","0.3516","0.3984","0.0","0.3984","0.0","0.0","0.0","0.0","0.0","0.0","0.0","0.0","0.0","0.0","0.0","0.0","0.0","0.0"
"Rhigonema","0","0.0","0.0","0.0","0","968.5198","0.0","47.3963","0.0","0.0","0.0","0.0","0.0","0.0","0.0","0.0","0.0","0.0","0.0","0.0","0.0","0.0","0.0","0.0","0.0"
"Rhinodorylaimus","8","0.0","0.0","3.2","4","2.3758","0.0594","0.5224","0.5818","0.0","0.5818","0.0","0.0","0.0","0.5818","0.0","0.0","0.0","0.0","0.0","0.0","0.0","0.0","0.0","0.0"
"Rhodolaimus","3","0.0","3.2","0.0","1","0.1422","0.0142","0.0609","0.0751","0.0751","0.0","0.0","0.0","0.0751","0.0","0.0301","0.003","0.0102","0.0132","0.0132","0.0","0.0","0.0","0.0132","0.0"
"Rhomborhabditis","3","0.0","3.2","0.0","1","5.608","0.5608","0.9911","1.5519","1.5519","0.0","0.0","0.0","1.5519","0.0","1.1244","0.1124","0.1499","0.2624","0.2624","0.0","0.0","0.0","0.2624","0.0"
"Rhynchonema","0","0.0","0.0","1.8","3","0.1269","0.0042","0.0581","0.0623","0.0","0.0623","0.0","0.0","0.0","0.0","0.0025","1.0E-4","9.0E-4","9.0E-4","0.0","9.0E-4","0.0","0.0","0.0","0.0"
"Rhyssocolpus","8","0.0","0.0","3.2","4","2.5831","0.0646","0.5455","0.6101","0.0","0.6101","0.0","0.0","0.0","0.6101","0.3572","0.0089","0.0586","0.0675","0.0","0.0675","0.0","0.0","0.0","0.0675"
"Ridgellus","1","0.0","0.0","0.0","2","0.1015","0.0051","0.0491","0.0542","0.0","0.0","0.0542","0.0","0.0","0.0","0.0","0.0","0.0","0.0","0.0","0.0","0.0","0.0","0.0","0.0"
"Robbea","0","0.0","0.0","1.8","3","1.595","0.0532","0.3875","0.4406","0.0","0.4406","0.0","0.0","0.0","0.0","0.0","0.0","0.0","0.0","0.0","0.0","0.0","0.0","0.0","0.0"
"Robustodorus","2","0.8","0.8","0.0","2","0.1328","0.0066","0.0582","0.0648","0.0648","0.0","0.0","0.0648","0.0","0.0","0.0536","0.0027","0.0181","0.0208","0.0208","0.0","0.0","0.0208","0.0","0.0"
"Rondonia","0","0.0","0.0","0.0","0","15.61","0.0","2.144","0.0","0.0","0.0","0.0","0.0","0.0","0.0","0.0","0.0","0.0","0.0","0.0","0.0","0.0","0.0","0.0","0.0"
"Roqueus","5","0.0","0.0","3.2","4","5.0009","0.125","0.913","1.038","0.0","1.038","0.0","0.0","0.0","1.038","0.0","0.0","0.0","0.0","0.0","0.0","0.0","0.0","0.0","0.0"
"Rotylenchulus","1","0.0","0.0","0.0","3","1.7705","0.059","0.2807","0.3397","0.0","0.0","0.3397","0.0","0.0","0.0","1.0656","0.0355","0.1308","0.1661","0.0","0.0","0.1661","0.0","0.0","0.0"
"Rotylenchulus","1","0.0","0.0","0.0","3","1.7705","0.059","0.2807","0.3397","0.0","0.0","0.3397","0.0","0.0","0.0","1.0656","0.0355","0.1308","0.1661","0.0","0.0","0.1661","0.0","0.0","0.0"
"Rotylenchus","1","0.0","0.0","0.0","3","0.8595","0.0286","0.2342","0.2628","0.0","0.0","0.2628","0.0","0.0","0.0","0.0989","0.0033","0.0193","0.0226","0.0","0.0","0.0226","0.0","0.0","0.0"
"Ruehmaphelenchus","2","0.8","0.8","0.0","2","0.4083","0.0204","0.1354","0.1558","0.1558","0.0","0.0","0.1558","0.0","0.0","0.0638","0.0032","0.0165","0.0197","0.0197","0.0","0.0","0.0197","0.0","0.0"
"Rugopharynx","0","0.0","0.0","0.0","0","1150.5391","0.0","53.931","0.0","0.0","0.0","0.0","0.0","0.0","0.0","0.0","0.0","0.0","0.0","0.0","0.0","0.0","0.0","0.0","0.0"
"Sabatieria","0","0.0","0.0","1.8","3","2.2019","0.0734","0.4693","0.5427","0.0","0.5427","0.0","0.0","0.0","0.0","0.6085","0.0203","0.1002","0.1204","0.0","0.1204","0.0","0.0","0.0","0.0"
"Sacrimarinema","0","0.0","0.0","1.8","3","3.004","0.1001","0.6144","0.7146","0.0","0.7146","0.0","0.0","0.0","0.0","0.8406","0.028","0.1275","0.1555","0.0","0.1555","0.0","0.0","0.0","0.0"
"Saevadorella","8","0.0","0.0","3.2","4","0.0955","0.0024","0.0464","0.0487","0.0","0.0487","0.0","0.0","0.0","0.0487","0.0336","8.0E-4","0.0125","0.0133","0.0","0.0133","0.0","0.0","0.0","0.0133"
"Safianema","1","0.0","0.0","0.0","2","0.1399","0.007","0.0624","0.0694","0.0","0.0","0.0694","0.0","0.0","0.0","0.0","0.0","0.0","0.0","0.0","0.0","0.0","0.0","0.0","0.0"
"Sakia","1","0.0","0.0","0.0","2","0.0644","0.0032","0.0342","0.0374","0.0","0.0","0.0374","0.0","0.0","0.0","0.012","6.0E-4","0.0046","0.0052","0.0","0.0","0.0052","0.0","0.0","0.0"
"Saprorhabditis","3","0.0","3.2","0.0","1","0.5605","0.056","0.1768","0.2329","0.2329","0.0","0.0","0.0","0.2329","0.0","0.0","0.0","0.0","0.0","0.0","0.0","0.0","0.0","0.0","0.0"
"Sauertylenchus","1","0.0","0.0","0.0","3","0.9507","0.0317","0.2544","0.2861","0.0","0.0","0.2861","0.0","0.0","0.0","0.2754","0.0092","0.057","0.0662","0.0","0.0","0.0662","0.0","0.0","0.0"
"Scalpelus","8","0.0","0.0","3.2","4","3.3479","0.0837","0.6757","0.7594","0.0","0.7594","0.0","0.0","0.0","0.7594","0.0","0.0","0.0","0.0","0.0","0.0","0.0","0.0","0.0","0.0"
"Schankiana","0","0.0","0.0","0.0","0","87.8874","0.0","7.0754","0.0","0.0","0.0","0.0","0.0","0.0","0.0","46.661","0.0","2.7827","0.0","0.0","0.0","0.0","0.0","0.0","0.0"
"Schistonchus","1","0.0","0.0","0.0","2","0.144","0.0072","0.0603","0.0675","0.0","0.0","0.0675","0.0","0.0","0.0","0.0307","0.0015","0.0087","0.0102","0.0","0.0","0.0102","0.0","0.0","0.0"
"Schwenkiella","0","0.0","0.0","0.0","0","94.0507","0.0","8.2315","0.0","0.0","0.0","0.0","0.0","0.0","0.0","12.3642","0.0","0.8137","0.0","0.0","0.0","0.0","0.0","0.0","0.0"
"Scleramphidelus","3","0.0","0.0","3.2","4","0.6486","0.0162","0.1945","0.2107","0.0","0.2107","0.0","0.0","0.2107","0.0","0.2492","0.0062","0.0573","0.0635","0.0","0.0635","0.0","0.0","0.0635","0.0"
"Sclerostylus","2","0.0","0.0","3.2","4","0.3202","0.008","0.1145","0.1225","0.0","0.1225","0.0","0.1225","0.0","0.0","0.1253","0.0031","0.0344","0.0375","0.0","0.0375","0.0","0.0375","0.0","0.0"
"Scottnema","3","0.8","0.0","0.0","2","0.4396","0.022","0.1455","0.1675","0.0","0.0","0.0","0.0","0.1675","0.0","0.1593","0.008","0.0404","0.0483","0.0","0.0","0.0","0.0","0.0483","0.0"
"Scutellonema","1","0.0","0.0","0.0","3","0.5543","0.0185","0.1729","0.1914","0.0","0.0","0.1914","0.0","0.0","0.0","0.0553","0.0018","0.0131","0.0149","0.0","0.0","0.0149","0.0","0.0","0.0"
"Scutylenchus","1","0.0","0.0","0.0","3","0.4119","0.0137","0.1383","0.152","0.0","0.0","0.152","0.0","0.0","0.0","0.0626","0.0021","0.0152","0.0172","0.0","0.0","0.0172","0.0","0.0","0.0"
"Sectonema","8","0.0","0.0","5.0","5","53.299","1.066","5.08","6.146","0.0","6.146","0.0","0.0","0.0","6.146","12.6024","0.252","0.9945","1.2462","0.0","1.2462","0.0","0.0","0.0","1.2462"
"Seinura","5","0.8","0.0","0.0","2","0.2732","0.0137","0.1008","0.1145","0.0","0.0","0.0","0.0","0.0","0.1145","0.04","0.002","0.0113","0.0133","0.0","0.0","0.0","0.0","0.0","0.0133"
"Seleborca","3","0.8","0.0","0.0","2","0.4031","0.0202","0.1358","0.1559","0.0","0.0","0.0","0.0","0.1559","0.0","0.0613","0.0031","0.0156","0.0187","0.0","0.0","0.0","0.0","0.0187","0.0"
"Semitobrilus","5","0.0","0.0","1.8","3","4.1371","0.1379","0.7919","0.9298","0.0","0.9298","0.0","0.0","0.0","0.9298","0.1282","0.0043","0.0184","0.0227","0.0","0.0227","0.0","0.0","0.0","0.0227"
"Serpinema","0","0.0","0.0","0.0","0","1431.6388","0.0","60.3463","0.0","0.0","0.0","0.0","0.0","0.0","0.0","330.0613","0.0","10.857","0.0","0.0","0.0","0.0","0.0","0.0","0.0"
"Setaria","0","0.0","0.0","0.0","0","5853.8877","0.0","172.6981","0.0","0.0","0.0","0.0","0.0","0.0","0.0","1994.947","0.0","53.5738","0.0","0.0","0.0","0.0","0.0","0.0","0.0"
"Severianoia","0","0.0","0.0","0.0","0","23.9374","0.0","2.9544","0.0","0.0","0.0","0.0","0.0","0.0","0.0","0.0","0.0","0.0","0.0","0.0","0.0","0.0","0.0","0.0","0.0"
"Sheraphelenchus","2","0.8","0.8","0.0","2","0.3282","0.0164","0.1163","0.1327","0.1327","0.0","0.0","0.1327","0.0","0.0","0.0496","0.0025","0.0135","0.016","0.016","0.0","0.0","0.016","0.0","0.0"
"Sicaguttur","8","0.0","0.0","5.0","5","1.711","0.0342","0.3892","0.4234","0.0","0.4234","0.0","0.0","0.0","0.4234","0.729","0.0146","0.1421","0.1567","0.0","0.1567","0.0","0.0","0.0","0.1567"
"Siconema","0","0.0","0.0","0.0","0","25.1669","0.0","3.0176","0.0","0.0","0.0","0.0","0.0","0.0","0.0","7.7158","0.0","0.6866","0.0","0.0","0.0","0.0","0.0","0.0","0.0"
"Sicorinema","8","0.0","0.0","3.2","4","0.3376","0.0084","0.1204","0.1289","0.0","0.1289","0.0","0.0","0.0","0.1289","0.0402","0.001","0.0107","0.0117","0.0","0.0117","0.0","0.0","0.0","0.0117"
"Siddiqia","1","0.0","0.0","0.0","5","54.8987","1.098","5.4983","6.5963","0.0","0.0","6.5963","0.0","0.0","0.0","6.6685","0.1334","0.502","0.6354","0.0","0.0","0.6354","0.0","0.0","0.0"
"Sigmolenchus","1","0.0","0.0","0.0","2","0.0359","0.0018","0.0225","0.0243","0.0","0.0","0.0243","0.0","0.0","0.0","0.0","0.0","0.0","0.0","0.0","0.0","0.0","0.0","0.0","0.0"
"Silenchus","1","0.0","0.0","0.0","2","0.1235","0.0062","0.0569","0.063","0.0","0.0","0.063","0.0","0.0","0.0","0.0","0.0","0.0","0.0","0.0","0.0","0.0","0.0","0.0","0.0"
"Sinospinata","0","0.0","0.0","0.0","0","38.8722","0.0","4.25","0.0","0.0","0.0","0.0","0.0","0.0","0.0","0.0","0.0","0.0","0.0","0.0","0.0","0.0","0.0","0.0","0.0"
"Siphonolaimus","0","0.0","0.0","1.8","3","2.0424","0.0681","0.4636","0.5317","0.0","0.5317","0.0","0.0","0.0","0.0","0.5121","0.0171","0.088","0.1051","0.0","0.1051","0.0","0.0","0.0","0.0"
"Skrjabillanus","0","0.0","0.0","0.0","0","1.4947","0.0","0.3691","0.0","0.0","0.0","0.0","0.0","0.0","0.0","0.0","0.0","0.0","0.0","0.0","0.0","0.0","0.0","0.0","0.0"
"Smithsoninema","0","0.0","0.0","1.8","3","4.6434","0.1548","0.8636","1.0183","0.0","1.0183","0.0","0.0","0.0","0.0","0.0","0.0","0.0","0.0","0.0","0.0","0.0","0.0","0.0","0.0"
"Southerniella","0","0.0","0.0","1.8","3","2.4782","0.0826","0.5392","0.6218","0.0","0.6218","0.0","0.0","0.0","0.0","0.0","0.0","0.0","0.0","0.0","0.0","0.0","0.0","0.0","0.0"
"Spauligodon","0","0.0","0.0","0.0","0","0.7078","0.0","0.2107","0.0","0.0","0.0","0.0","0.0","0.0","0.0","0.0","0.0","0.0","0.0","0.0","0.0","0.0","0.0","0.0","0.0"
"Sphaeroamphis","8","0.0","0.0","3.2","4","1.2664","0.0317","0.3259","0.3576","0.0","0.3576","0.0","0.0","0.0","0.3576","0.0","0.0","0.0","0.0","0.0","0.0","0.0","0.0","0.0","0.0"
"Sphaerolaimus","0","0.0","0.0","1.8","3","3.7938","0.1265","0.6856","0.8121","0.0","0.8121","0.0","0.0","0.0","0.0","1.7785","0.0593","0.2343","0.2935","0.0","0.2935","0.0","0.0","0.0","0.0"
"Sphaeronema","1","0.0","0.0","0.0","3","4.3275","0.1443","0.6729","0.8171","0.0","0.0","0.8171","0.0","0.0","0.0","2.5357","0.0845","0.2748","0.359","0.0","0.0","0.359","0.0","0.0","0.0"
"Spilotylenchus","0","0.0","0.0","0.0","0","14.6102","0.0","1.9649","0.0","0.0","0.0","0.0","0.0","0.0","0.0","4.0047","0.0","0.3985","0.0","0.0","0.0","0.0","0.0","0.0","0.0"
"Spinitectus","0","0.0","0.0","0.0","0","1073.1689","0.0","51.1875","0.0","0.0","0.0","0.0","0.0","0.0","0.0","0.0","0.0","0.0","0.0","0.0","0.0","0.0","0.0","0.0","0.0"
"Spinocephalus","3","0.8","0.0","0.0","2","0.3217","0.0161","0.1166","0.1327","0.0","0.0","0.0","0.0","0.1327","0.0","0.0","0.0","0.0","0.0","0.0","0.0","0.0","0.0","0.0","0.0"
"Spirinia","0","0.0","0.0","1.8","3","7.8515","0.2617","1.2417","1.5034","0.0","1.5034","0.0","0.0","0.0","0.0","4.2904","0.143","0.534","0.677","0.0","0.677","0.0","0.0","0.0","0.0"
"Spirocamallanus","0","0.0","0.0","0.0","0","214.8951","0.0","15.3226","0.0","0.0","0.0","0.0","0.0","0.0","0.0","0.0","0.0","0.0","0.0","0.0","0.0","0.0","0.0","0.0","0.0"
"Spirodesma","0","0.0","0.0","1.8","3","0.6237","0.0208","0.1916","0.2124","0.0","0.2124","0.0","0.0","0.0","0.0","0.0","0.0","0.0","0.0","0.0","0.0","0.0","0.0","0.0","0.0"
"Spiroxys","0","0.0","0.0","0.0","0","2407.0773","0.0","93.8167","0.0","0.0","0.0","0.0","0.0","0.0","0.0","0.0","0.0","0.0","0.0","0.0","0.0","0.0","0.0","0.0","0.0"
"Spirura","0","0.0","0.0","0.0","0","3179.5915","0.0","108.7512","0.0","0.0","0.0","0.0","0.0","0.0","0.0","2332.9085","0.0","65.901","0.0","0.0","0.0","0.0","0.0","0.0","0.0"
"Sporonchulus","5","0.0","0.0","3.2","4","2.206","0.0552","0.4867","0.5418","0.0","0.5418","0.0","0.0","0.0","0.5418","0.4553","0.0114","0.0818","0.0931","0.0","0.0931","0.0","0.0","0.0","0.0931"
"Stegelleta","3","0.8","0.0","0.0","2","0.172","0.0086","0.0711","0.0797","0.0","0.0","0.0","0.0","0.0797","0.0","0.048","0.0024","0.0144","0.0168","0.0","0.0","0.0","0.0","0.0168","0.0"
"Stegelletina","3","0.8","0.0","0.0","2","0.0734","0.0037","0.0383","0.0419","0.0","0.0","0.0","0.0","0.0419","0.0","0.0175","9.0E-4","0.0069","0.0078","0.0","0.0","0.0","0.0","0.0078","0.0"
"Stegorhabditis","3","0.0","3.2","0.0","1","0.4441","0.0444","0.1485","0.1929","0.1929","0.0","0.0","0.0","0.1929","0.0","0.0","0.0","0.0","0.0","0.0","0.0","0.0","0.0","0.0","0.0"
"Steinernema","3","0.0","3.2","0.0","1","164.0109","16.4011","11.7711","28.1722","28.1722","0.0","0.0","0.0","28.1722","0.0","24.8353","2.4835","1.3318","3.8105","3.8105","0.0","0.0","0.0","3.8105","0.0"
"Stenodorylaimus","8","0.0","0.0","3.2","4","19.23","0.4808","2.504","2.9847","0.0","2.9847","0.0","0.0","0.0","2.9847","2.162","0.0541","0.2115","0.2656","0.0","0.2656","0.0","0.0","0.0","0.2656"
"Stenonchulus","5","0.0","0.0","1.8","3","0.4925","0.0164","0.1585","0.1749","0.0","0.1749","0.0","0.0","0.0","0.1749","0.1181","0.0039","0.0301","0.034","0.0","0.034","0.0","0.0","0.0","0.034"
"Stephanium","5","0.0","0.0","3.2","4","0.4847","0.0121","0.1586","0.1707","0.0","0.1707","0.0","0.0","0.0","0.1707","0.0","0.0","0.0","0.0","0.0","0.0","0.0","0.0","0.0","0.0"
"Stephanolaimus","3","0.0","0.0","1.8","3","4.6111","0.1537","0.859","1.0128","0.0","1.0128","0.0","0.0","1.0128","0.0","0.0","0.0","0.0","0.0","0.0","0.0","0.0","0.0","0.0","0.0"
"Stictylus","2","0.8","0.8","0.0","2","0.5906","0.0295","0.1839","0.2135","0.2135","0.0","0.0","0.2135","0.0","0.0","0.0","0.0","0.0","0.0","0.0","0.0","0.0","0.0","0.0","0.0"
"Stilbonema","0","0.0","0.0","1.8","3","2.9669","0.0989","0.6172","0.7161","0.0","0.7161","0.0","0.0","0.0","0.0","0.0","0.0","0.0","0.0","0.0","0.0","0.0","0.0","0.0","0.0"
"Stomacholaimus","8","0.0","0.0","3.2","4","0.667","0.0167","0.2015","0.2182","0.0","0.2182","0.0","0.0","0.0","0.2182","1.0E-4","0.0","0.0","0.0","0.0","0.0","0.0","0.0","0.0","0.0"
"Stomachorhabditis","3","0.0","3.2","0.0","1","0.3732","0.0373","0.1304","0.1677","0.1677","0.0","0.0","0.0","0.1677","0.0","0.0","0.0","0.0","0.0","0.0","0.0","0.0","0.0","0.0","0.0"
"Stylotheristus","0","0.0","0.0","1.8","3","2.0588","0.0686","0.4692","0.5378","0.0","0.5378","0.0","0.0","0.0","0.0","0.0","0.0","0.0","0.0","0.0","0.0","0.0","0.0","0.0","0.0"
"Subanguina","1","0.0","0.0","0.0","2","4.1253","0.2063","0.7598","0.9661","0.0","0.0","0.9661","0.0","0.0","0.0","1.6085","0.0804","0.2506","0.331","0.0","0.0","0.331","0.0","0.0","0.0"
"Sudhausia","3","0.0","3.2","0.0","1","1.8793","0.1879","0.4288","0.6167","0.6167","0.0","0.0","0.0","0.6167","0.0","0.8746","0.0875","0.1548","0.2423","0.2423","0.0","0.0","0.0","0.2423","0.0"
"Suifunema","0","0.0","0.0","0.0","0","288.1902","0.0","19.0951","0.0","0.0","0.0","0.0","0.0","0.0","0.0","0.0","0.0","0.0","0.0","0.0","0.0","0.0","0.0","0.0","0.0"
"Swangeria","1","0.0","0.0","0.0","5","0.5046","0.0101","0.1623","0.1724","0.0","0.0","0.1724","0.0","0.0","0.0","0.1373","0.0027","0.0335","0.0362","0.0","0.0","0.0362","0.0","0.0","0.0"
"Sychnotylenchus","1","0.0","0.0","0.0","2","0.3697","0.0185","0.1294","0.1479","0.0","0.0","0.1479","0.0","0.0","0.0","0.0","0.0","0.0","0.0","0.0","0.0","0.0","0.0","0.0","0.0"
"Syncheilaxonchium","1","0.0","0.0","0.0","5","5.0804","0.1016","0.9238","1.0254","0.0","0.0","1.0254","0.0","0.0","0.0","0.0","0.0","0.0","0.0","0.0","0.0","0.0","0.0","0.0","0.0"
"Synhimantus","0","0.0","0.0","0.0","0","150.707","0.0","11.7426","0.0","0.0","0.0","0.0","0.0","0.0","0.0","0.0","0.0","0.0","0.0","0.0","0.0","0.0","0.0","0.0","0.0"
"Synodontisia","0","0.0","0.0","0.0","0","226.7193","0.0","15.9507","0.0","0.0","0.0","0.0","0.0","0.0","0.0","0.0","0.0","0.0","0.0","0.0","0.0","0.0","0.0","0.0","0.0"
"Synoecnema","0","0.0","0.0","0.0","0","1.9532","0.0","0.451","0.0","0.0","0.0","0.0","0.0","0.0","0.0","0.0","0.0","0.0","0.0","0.0","0.0","0.0","0.0","0.0","0.0"
"Synonchiella","0","0.0","0.0","3.2","4","1.3108","0.0328","0.3328","0.3656","0.0","0.3656","0.0","0.0","0.0","0.0","0.2968","0.0074","0.0569","0.0644","0.0","0.0644","0.0","0.0","0.0","0.0"
"Synonchus","0","0.0","0.0","1.8","3","691.4064","23.0469","36.8097","59.8566","0.0","59.8566","0.0","0.0","0.0","0.0","0.0","0.0","0.0","0.0","0.0","0.0","0.0","0.0","0.0","0.0"
"Syphacia","0","0.0","0.0","0.0","0","42.1938","0.0","4.4486","0.0","0.0","0.0","0.0","0.0","0.0","0.0","12.6836","0.0","0.993","0.0","0.0","0.0","0.0","0.0","0.0","0.0"
"Tachygonetria","0","0.0","0.0","0.0","0","537.2639","0.0","27.7559","0.0","0.0","0.0","0.0","0.0","0.0","0.0","189.6072","0.0","7.2681","0.0","0.0","0.0","0.0","0.0","0.0","0.0"
"Tadaridanema","0","0.0","0.0","0.0","0","39.6766","0.0","4.3158","0.0","0.0","0.0","0.0","0.0","0.0","0.0","0.0","0.0","0.0","0.0","0.0","0.0","0.0","0.0","0.0","0.0"
"Talanema","8","0.0","0.0","3.2","4","2.7282","0.0682","0.5795","0.6477","0.0","0.6477","0.0","0.0","0.0","0.6477","0.0246","6.0E-4","0.0039","0.0045","0.0","0.0045","0.0","0.0","0.0","0.0045"
"Tanqua","0","0.0","0.0","0.0","0","11935.2984","0.0","310.0924","0.0","0.0","0.0","0.0","0.0","0.0","0.0","2812.1046","0.0","55.2493","0.0","0.0","0.0","0.0","0.0","0.0","0.0"
"Tanzanius","1","0.0","0.0","0.0","2","0.0248","0.0012","0.0171","0.0183","0.0","0.0","0.0183","0.0","0.0","0.0","0.0","0.0","0.0","0.0","0.0","0.0","0.0","0.0","0.0","0.0"
"Tarantobelus","3","0.0","3.2","0.0","1","1.2343","0.1234","0.3197","0.4431","0.4431","0.0","0.0","0.0","0.4431","0.0","0.0","0.0","0.0","0.0","0.0","0.0","0.0","0.0","0.0","0.0"
"Telotylenchus","1","0.0","0.0","0.0","3","0.3147","0.0105","0.1117","0.1222","0.0","0.0","0.1222","0.0","0.0","0.0","0.0421","0.0014","0.0106","0.012","0.0","0.0","0.012","0.0","0.0","0.0"
"Tenuidraconema","0","0.0","0.0","3.2","4","1.1914","0.0298","0.3113","0.3411","0.0","0.3411","0.0","0.0","0.0","0.0","0.0","0.0","0.0","0.0","0.0","0.0","0.0","0.0","0.0","0.0"
"Tenunemellus","1","0.0","0.0","0.0","2","0.0421","0.0021","0.0249","0.027","0.0","0.0","0.027","0.0","0.0","0.0","0.0082","4.0E-4","0.0036","0.004","0.0","0.0","0.004","0.0","0.0","0.0"
"Teratocephalus","3","0.0","0.0","1.8","3","0.0842","0.0028","0.0424","0.0452","0.0","0.0452","0.0","0.0","0.0452","0.0","0.0081","3.0E-4","0.003","0.0033","0.0","0.0033","0.0","0.0","0.0033","0.0"
"Teratodiplogaster","3","0.0","3.2","0.0","1","1.8328","0.1833","0.4135","0.5968","0.5968","0.0","0.0","0.0","0.5968","0.0","0.7464","0.0746","0.1385","0.213","0.213","0.0","0.0","0.0","0.213","0.0"
"Teratolobus","3","0.8","0.0","0.0","2","0.1372","0.0069","0.0609","0.0678","0.0","0.0","0.0","0.0","0.0678","0.0","0.0261","0.0013","0.0088","0.0101","0.0","0.0","0.0","0.0","0.0101","0.0"
"Teratorhabditis","3","0.0","3.2","0.0","1","2.2302","0.223","0.498","0.721","0.721","0.0","0.0","0.0","0.721","0.0","0.1462","0.0146","0.0245","0.0391","0.0391","0.0","0.0","0.0","0.0391","0.0"
"Terschellingia","0","0.8","0.0","0.0","2","2.3499","0.1175","0.4882","0.6057","0.0","0.0","0.0","0.0","0.0","0.0","0.91","0.0455","0.1398","0.1852","0.0","0.0","0.0","0.0","0.0","0.0"
"Tetradonema","0","0.0","0.0","0.0","0","37.8714","0.0","4.1677","0.0","0.0","0.0","0.0","0.0","0.0","0.0","0.0","0.0","0.0","0.0","0.0","0.0","0.0","0.0","0.0","0.0"
"Thada","1","0.0","0.0","0.0","2","0.112","0.0056","0.0528","0.0584","0.0","0.0","0.0584","0.0","0.0","0.0","0.0","0.0","0.0","0.0","0.0","0.0","0.0","0.0","0.0","0.0"
"Thalassomonhystera","0","0.8","0.0","0.0","2","0.0516","0.0026","0.0294","0.032","0.0","0.0","0.0","0.0","0.0","0.0","0.0119","6.0E-4","0.0051","0.0057","0.0","0.0","0.0","0.0","0.0","0.0"
"Thelandros","0","0.0","0.0","0.0","0","722.2603","0.0","38.035","0.0","0.0","0.0","0.0","0.0","0.0","0.0","0.0","0.0","0.0","0.0","0.0","0.0","0.0","0.0","0.0","0.0"
"Thelastoma","0","0.0","0.0","0.0","0","79.9891","0.0","7.3019","0.0","0.0","0.0","0.0","0.0","0.0","0.0","0.0","0.0","0.0","0.0","0.0","0.0","0.0","0.0","0.0","0.0"
"Thelonema","0","0.8","0.0","0.0","2","8.3394","0.417","1.3397","1.7567","0.0","0.0","0.0","0.0","0.0","0.0","0.0","0.0","0.0","0.0","0.0","0.0","0.0","0.0","0.0","0.0"
"Theristus","3","0.8","0.0","0.0","2","0.9121","0.0456","0.2494","0.295","0.0","0.0","0.0","0.0","0.295","0.0","0.2756","0.0138","0.0612","0.0749","0.0","0.0","0.0","0.0","0.0749","0.0"
"Thonus","5","0.0","0.0","3.2","4","1.8915","0.0473","0.4288","0.4761","0.0","0.4761","0.0","0.0","0.0","0.4761","0.2486","0.0062","0.0439","0.0501","0.0","0.0501","0.0","0.0","0.0","0.0501"
"Thorneella","8","0.0","0.0","3.2","4","2.195","0.0549","0.4923","0.5472","0.0","0.5472","0.0","0.0","0.0","0.5472","0.0","0.0","0.0","0.0","0.0","0.0","0.0","0.0","0.0","0.0"
"Thornenema","8","0.0","0.0","5.0","5","1.0809","0.0216","0.2884","0.31","0.0","0.31","0.0","0.0","0.0","0.31","0.2033","0.0041","0.0409","0.045","0.0","0.045","0.0","0.0","0.0","0.045"
"Thornia","8","0.0","0.0","3.2","4","0.8752","0.0219","0.2463","0.2681","0.0","0.2681","0.0","0.0","0.0","0.2681","0.0714","0.0018","0.0151","0.0169","0.0","0.0169","0.0","0.0","0.0","0.0169"
"Thorniosa","8","0.0","0.0","3.2","4","0.9679","0.0242","0.2664","0.2906","0.0","0.2906","0.0","0.0","0.0","0.2906","0.0","0.0","0.0","0.0","0.0","0.0","0.0","0.0","0.0","0.0"
"Timmia","0","0.0","0.0","1.8","3","0.5437","0.0181","0.1728","0.191","0.0","0.191","0.0","0.0","0.0","0.0","0.0","0.0","0.0","0.0","0.0","0.0","0.0","0.0","0.0","0.0"
"Tobrilia","5","0.0","0.0","1.8","3","0.1688","0.0056","0.0719","0.0775","0.0","0.0775","0.0","0.0","0.0","0.0775","0.0","0.0","0.0","0.0","0.0","0.0","0.0","0.0","0.0","0.0"
"Tobriloides","5","0.0","0.0","1.8","3","1.4485","0.0483","0.3587","0.407","0.0","0.407","0.0","0.0","0.0","0.407","0.3256","0.0109","0.0609","0.0718","0.0","0.0718","0.0","0.0","0.0","0.0718"
"Tobrilonchulus","5","0.0","0.0","1.8","3","2.087","0.0696","0.474","0.5436","0.0","0.5436","0.0","0.0","0.0","0.5436","0.0","0.0","0.0","0.0","0.0","0.0","0.0","0.0","0.0","0.0"
"Tobrilus","5","0.0","0.0","1.8","3","6.8582","0.2286","1.0986","1.3272","0.0","1.3272","0.0","0.0","0.0","1.3272","1.5721","0.0524","0.1829","0.2352","0.0","0.2352","0.0","0.0","0.0","0.2352"
"Tokorhabditis","3","0.0","3.2","0.0","1","2.3855","0.2385","0.5209","0.7594","0.7594","0.0","0.0","0.0","0.7594","0.0","0.3289","0.0329","0.0561","0.089","0.089","0.0","0.0","0.0","0.089","0.0"
"Tokorhabditis","3","0.0","3.2","0.0","1","2.3855","0.2385","0.5209","0.7594","0.7594","0.0","0.0","0.0","0.7594","0.0","0.3289","0.0329","0.0561","0.089","0.089","0.0","0.0","0.0","0.089","0.0"
"Tonoscolecinema","0","0.0","0.0","0.0","0","0.5021","0.0","0.1628","0.0","0.0","0.0","0.0","0.0","0.0","0.0","0.0","0.0","0.0","0.0","0.0","0.0","0.0","0.0","0.0","0.0"
"Torquenema","0","0.0","0.0","0.0","0","11286.939","0.0","298.9474","0.0","0.0","0.0","0.0","0.0","0.0","0.0","0.0","0.0","0.0","0.0","0.0","0.0","0.0","0.0","0.0","0.0"
"Torumanawa","8","0.0","0.0","3.2","4","3.0127","0.0753","0.6243","0.6996","0.0","0.6996","0.0","0.0","0.0","0.6996","0.0","0.0","0.0","0.0","0.0","0.0","0.0","0.0","0.0","0.0"
"Trachactinolaimus","5","0.0","0.0","5.0","5","3.7084","0.0742","0.7295","0.8037","0.0","0.8037","0.0","0.0","0.0","0.8037","0.0","0.0","0.0","0.0","0.0","0.0","0.0","0.0","0.0","0.0"
"Trachypleurosum","5","0.0","0.0","5.0","5","2.824","0.0565","0.5867","0.6432","0.0","0.6432","0.0","0.0","0.0","0.6432","0.5562","0.0111","0.0857","0.0968","0.0","0.0968","0.0","0.0","0.0","0.0968"
"Tremonema","1","0.0","0.0","0.0","2","0.0293","0.0015","0.0193","0.0208","0.0","0.0","0.0208","0.0","0.0","0.0","0.0","0.0","0.0","0.0","0.0","0.0","0.0","0.0","0.0","0.0"
"Tricephalobus","3","0.0","3.2","0.0","1","0.3951","0.0395","0.134","0.1735","0.1735","0.0","0.0","0.0","0.1735","0.0","0.1132","0.0113","0.0288","0.0401","0.0401","0.0","0.0","0.0","0.0401","0.0"
"Trichodorus","1","0.0","0.0","0.0","4","0.987","0.0247","0.2476","0.2723","0.0","0.0","0.2723","0.0","0.0","0.0","0.2585","0.0065","0.0384","0.0448","0.0","0.0","0.0448","0.0","0.0","0.0"
"Trichostrongylus","0","0.0","0.0","0.0","0","29.2842","0.0","3.4367","0.0","0.0","0.0","0.0","0.0","0.0","0.0","0.0","0.0","0.0","0.0","0.0","0.0","0.0","0.0","0.0","0.0"
"Trichotylenchus","1","0.0","0.0","0.0","3","0.2093","0.007","0.083","0.0899","0.0","0.0","0.0899","0.0","0.0","0.0","0.0174","6.0E-4","0.0051","0.0057","0.0","0.0","0.0057","0.0","0.0","0.0"
"Trichromadora","0","0.0","0.0","1.8","3","0.3834","0.0128","0.133","0.1458","0.0","0.1458","0.0","0.0","0.0","0.0","0.0","0.0","0.0","0.0","0.0","0.0","0.0","0.0","0.0","0.0"
"Tricirronema","3","0.8","0.0","0.0","2","0.2999","0.015","0.1095","0.1245","0.0","0.0","0.0","0.0","0.1245","0.0","0.0416","0.0021","0.0114","0.0134","0.0","0.0","0.0","0.0","0.0134","0.0"
"Tricoma","0","0.0","0.0","3.2","4","0.4153","0.0104","0.1337","0.1441","0.0","0.1441","0.0","0.0","0.0","0.0","0.1913","0.0048","0.0466","0.0514","0.0","0.0514","0.0","0.0","0.0","0.0"
"Trileptium","0","0.8","0.0","0.0","2","9.2847","0.4642","1.4521","1.9163","0.0","0.0","0.0","0.0","0.0","0.0","0.0","0.0","0.0","0.0","0.0","0.0","0.0","0.0","0.0","0.0"
"Tripyla","5","0.0","0.0","1.8","3","4.7352","0.1578","0.7961","0.9539","0.0","0.9539","0.0","0.0","0.0","0.9539","0.7891","0.0263","0.0966","0.1228","0.0","0.1228","0.0","0.0","0.0","0.1228"
"Tripylella","5","0.0","0.0","1.8","3","0.7406","0.0247","0.2133","0.2379","0.0","0.2379","0.0","0.0","0.0","0.2379","0.0815","0.0027","0.0168","0.0196","0.0","0.0196","0.0","0.0","0.0","0.0196"
"Tripylina","5","0.0","0.0","1.8","3","1.422","0.0474","0.3445","0.3919","0.0","0.3919","0.0","0.0","0.0","0.3919","0.1868","0.0062","0.032","0.0382","0.0","0.0382","0.0","0.0","0.0","0.0382"
"Trischistoma","5","0.0","0.0","1.8","3","1.042","0.0347","0.2568","0.2915","0.0","0.2915","0.0","0.0","0.0","0.2915","0.4136","0.0138","0.0702","0.084","0.0","0.084","0.0","0.0","0.0","0.084"
"Trochamus","0","0.0","0.0","1.8","3","0.7559","0.0252","0.1962","0.2214","0.0","0.2214","0.0","0.0","0.0","0.0","0.5237","0.0175","0.1066","0.124","0.0","0.124","0.0","0.0","0.0","0.0"
"Trophomera","0","0.0","0.0","0.0","0","17.5546","0.0","2.3413","0.0","0.0","0.0","0.0","0.0","0.0","0.0","0.0","0.0","0.0","0.0","0.0","0.0","0.0","0.0","0.0","0.0"
"Trophotylenchulus","1","0.0","0.0","0.0","3","0.8088","0.027","0.2089","0.2358","0.0","0.0","0.2358","0.0","0.0","0.0","0.2763","0.0092","0.0503","0.0595","0.0","0.0","0.0595","0.0","0.0","0.0"
"Trophurus","1","0.0","0.0","0.0","3","0.278","0.0093","0.1024","0.1117","0.0","0.0","0.1117","0.0","0.0","0.0","0.0309","0.001","0.0087","0.0097","0.0","0.0","0.0097","0.0","0.0","0.0"
"Trualaimus","3","0.8","0.0","0.0","2","0.2568","0.0128","0.0985","0.1113","0.0","0.0","0.0","0.0","0.1113","0.0","0.0","0.0","0.0","0.0","0.0","0.0","0.0","0.0","0.0","0.0"
"Tubixaba","8","0.0","0.0","5.0","5","21.8153","0.4363","2.7557","3.192","0.0","3.192","0.0","0.0","0.0","3.192","0.0","0.0","0.0","0.0","0.0","0.0","0.0","0.0","0.0","0.0"
"Tupaiostrongylus","0","0.0","0.0","0.0","0","17.545","0.0","2.2269","0.0","0.0","0.0","0.0","0.0","0.0","0.0","11.83","0.0","1.2178","0.0","0.0","0.0","0.0","0.0","0.0","0.0"
"Turbatrix","3","0.0","3.2","0.0","1","1.438","0.1438","0.3583","0.5021","0.5021","0.0","0.0","0.0","0.5021","0.0","0.1111","0.0111","0.0208","0.0319","0.0319","0.0","0.0","0.0","0.0319","0.0"
"Tylaphelenchus","2","0.8","0.8","0.0","2","0.0916","0.0046","0.0454","0.05","0.05","0.0","0.0","0.05","0.0","0.0","0.0","0.0","0.0","0.0","0.0","0.0","0.0","0.0","0.0","0.0"
"Tylenchocriconema","1","0.0","0.0","0.0","2","0.0608","0.003","0.0334","0.0364","0.0","0.0","0.0364","0.0","0.0","0.0","0.0","0.0","0.0","0.0","0.0","0.0","0.0","0.0","0.0","0.0"
"Tylenchodoroides","2","0.0","0.0","3.2","4","0.0828","0.0021","0.0421","0.0442","0.0","0.0442","0.0","0.0442","0.0","0.0","0.0095","2.0E-4","0.0036","0.0039","0.0","0.0039","0.0","0.0039","0.0","0.0"
"Tylencholaimellus","2","0.0","0.0","3.2","4","0.7092","0.0177","0.1966","0.2143","0.0","0.2143","0.0","0.2143","0.0","0.0","0.0839","0.0021","0.0177","0.0198","0.0","0.0198","0.0","0.0198","0.0","0.0"
"Tylencholaimus","2","0.0","0.0","3.2","4","0.3974","0.0099","0.1328","0.1428","0.0","0.1428","0.0","0.1428","0.0","0.0","0.0378","9.0E-4","0.0096","0.0105","0.0","0.0105","0.0","0.0105","0.0","0.0"
"Tylenchorhynchus","1","0.0","0.0","0.0","3","0.2322","0.0077","0.0889","0.0966","0.0","0.0","0.0966","0.0","0.0","0.0","0.0118","4.0E-4","0.0032","0.0036","0.0","0.0","0.0036","0.0","0.0","0.0"
"Tylenchulus","1","0.0","0.0","0.0","3","0.9703","0.0323","0.2533","0.2856","0.0","0.0","0.2856","0.0","0.0","0.0","0.2747","0.0092","0.0553","0.0644","0.0","0.0","0.0644","0.0","0.0","0.0"
"Tylenchus","1","0.0","0.0","0.0","2","0.3598","0.018","0.1231","0.1411","0.0","0.0","0.1411","0.0","0.0","0.0","0.029","0.0015","0.0079","0.0093","0.0","0.0","0.0093","0.0","0.0","0.0"
"Tyleptus","2","0.0","0.0","3.2","4","0.4685","0.0117","0.1489","0.1606","0.0","0.1606","0.0","0.1606","0.0","0.0","0.0979","0.0024","0.024","0.0264","0.0","0.0264","0.0","0.0264","0.0","0.0"
"Tylocephalus","3","0.8","0.0","0.0","2","0.2122","0.0106","0.0843","0.0949","0.0","0.0","0.0","0.0","0.0949","0.0","0.0248","0.0012","0.008","0.0092","0.0","0.0","0.0","0.0","0.0092","0.0"
"Tylodorus","1","0.0","0.0","0.0","2","1.2397","0.062","0.3207","0.3827","0.0","0.0","0.3827","0.0","0.0","0.0","6.0E-4","0.0","1.0E-4","1.0E-4","0.0","0.0","1.0E-4","0.0","0.0","0.0"
"Tylolaimophorus","2","0.0","0.0","1.8","3","0.8719","0.0291","0.2456","0.2747","0.0","0.2747","0.0","0.2747","0.0","0.0","0.1038","0.0035","0.0223","0.0258","0.0","0.0258","0.0","0.0258","0.0","0.0"
"Tylopharynx","2","0.0","3.2","0.0","1","0.6274","0.0627","0.1923","0.2551","0.2551","0.0","0.0","0.2551","0.0","0.0","0.0343","0.0034","0.0079","0.0114","0.0114","0.0","0.0","0.0114","0.0","0.0"
"Typhlophorus","0","0.0","0.0","0.0","0","215.9381","0.0","15.3783","0.0","0.0","0.0","0.0","0.0","0.0","0.0","0.0","0.0","0.0","0.0","0.0","0.0","0.0","0.0","0.0","0.0"
"Udonchus","3","0.0","0.0","1.8","3","0.0707","0.0024","0.0367","0.0391","0.0","0.0391","0.0","0.0","0.0391","0.0","0.0221","7.0E-4","0.0087","0.0095","0.0","0.0095","0.0","0.0","0.0095","0.0"
"Uliginotylenchus","1","0.0","0.0","0.0","3","0.3675","0.0123","0.1289","0.1411","0.0","0.0","0.1411","0.0","0.0","0.0","0.0","0.0","0.0","0.0","0.0","0.0","0.0","0.0","0.0","0.0"
"Ultratenella","1","0.0","0.0","0.0","2","0.0161","8.0E-4","0.0123","0.0131","0.0","0.0","0.0131","0.0","0.0","0.0","0.0","0.0","0.0","0.0","0.0","0.0","0.0","0.0","0.0","0.0"
"Utahnema","2","0.0","0.0","3.2","4","0.4671","0.0117","0.1543","0.1659","0.0","0.1659","0.0","0.1659","0.0","0.0","0.0","0.0","0.0","0.0","0.0","0.0","0.0","0.0","0.0","0.0"
"Veleshkinema","7","0.0","0.0","1.8","3","0.2773","0.0092","0.1043","0.1135","0.0","0.1135","0.0","0.0","0.0","0.0","0.0","0.0","0.0","0.0","0.0","0.0","0.0","0.0","0.0","0.0"
"Viannaia","0","0.0","0.0","0.0","0","25.0892","0.0","3.0504","0.0","0.0","0.0","0.0","0.0","0.0","0.0","4.6587","0.0","0.427","0.0","0.0","0.0","0.0","0.0","0.0","0.0"
"Viscosia","0","0.0","0.0","1.8","3","1.3021","0.0434","0.3008","0.3442","0.0","0.3442","0.0","0.0","0.0","0.0","0.6695","0.0223","0.1518","0.1741","0.0","0.1741","0.0","0.0","0.0","0.0"
"Wallabicola","0","0.0","0.0","0.0","0","3507.6698","0.0","124.4305","0.0","0.0","0.0","0.0","0.0","0.0","0.0","0.0","0.0","0.0","0.0","0.0","0.0","0.0","0.0","0.0","0.0"
"Westindicus","5","0.0","0.0","5.0","5","2.1426","0.0429","0.4835","0.5263","0.0","0.5263","0.0","0.0","0.0","0.5263","0.0","0.0","0.0","0.0","0.0","0.0","0.0","0.0","0.0","0.0"
"Wiesoncholaimus","0","0.0","0.0","1.8","3","49.7991","1.66","5.1178","6.7777","0.0","6.7777","0.0","0.0","0.0","0.0","0.0","0.0","0.0","0.0","0.0","0.0","0.0","0.0","0.0","0.0"
"Willinema","8","0.0","0.0","5.0","5","0.7038","0.0141","0.1901","0.2042","0.0","0.2042","0.0","0.0","0.0","0.2042","0.2512","0.005","0.0526","0.0576","0.0","0.0576","0.0","0.0","0.0","0.0576"
"Wilsonema","3","0.8","0.0","0.0","2","0.0608","0.003","0.0333","0.0363","0.0","0.0","0.0","0.0","0.0363","0.0","0.0055","3.0E-4","0.0023","0.0025","0.0","0.0","0.0","0.0","0.0025","0.0"
"Xenocriconemella","1","0.0","0.0","0.0","3","0.1157","0.0039","0.054","0.0578","0.0","0.0","0.0578","0.0","0.0","0.0","0.0157","5.0E-4","0.0055","0.006","0.0","0.0","0.006","0.0","0.0","0.0"
"Xiphidorus","1","0.0","0.0","0.0","5","6.2213","0.1244","0.9531","1.0776","0.0","0.0","1.0776","0.0","0.0","0.0","3.3007","0.066","0.377","0.4428","0.0","0.0","0.4428","0.0","0.0","0.0"
"Xiphinema","1","0.0","0.0","0.0","5","5.4018","0.108","0.9089","1.0169","0.0","0.0","1.0169","0.0","0.0","0.0","0.5563","0.0111","0.0722","0.0833","0.0","0.0","0.0833","0.0","0.0","0.0"
"Xiphinemella","2","0.0","0.0","3.2","4","5.6982","0.1425","0.998","1.1404","0.0","1.1404","0.0","1.1404","0.0","0.0","1.7273","0.0432","0.23","0.2732","0.0","0.2732","0.0","0.2732","0.0","0.0"
"Xyala","3","0.8","0.0","0.0","2","1.7047","0.0852","0.4073","0.4925","0.0","0.0","0.0","0.0","0.4925","0.0","0.0","0.0","0.0","0.0","0.0","0.0","0.0","0.0","0.0","0.0"
"Xylorhabditis","3","0.0","3.2","0.0","1","1.7798","0.178","0.4207","0.5986","0.5986","0.0","0.0","0.0","0.5986","0.0","0.0","0.0","0.0","0.0","0.0","0.0","0.0","0.0","0.0","0.0"
"Xystrognathus","0","0.0","0.0","0.0","0","152.9976","0.0","11.8496","0.0","0.0","0.0","0.0","0.0","0.0","0.0","23.5571","0.0","1.3731","0.0","0.0","0.0","0.0","0.0","0.0","0.0"
"Yeatesinia","3","0.8","0.0","0.0","2","0.0601","0.003","0.0331","0.0361","0.0","0.0","0.0","0.0","0.0361","0.0","1.0E-4","0.0","0.0","0.0","0.0","0.0","0.0","0.0","0.0","0.0"
"Zalonema","0","0.0","0.0","1.8","3","5.539","0.1846","0.9601","1.1447","0.0","1.1447","0.0","0.0","0.0","0.0","1.344","0.0448","0.1864","0.2311","0.0","0.2311","0.0","0.0","0.0","0.0"
"Zeatylenchus","1","0.0","0.0","0.0","2","0.0391","0.002","0.024","0.0259","0.0","0.0","0.0259","0.0","0.0","0.0","0.0","0.0","0.0","0.0","0.0","0.0","0.0","0.0","0.0","0.0"
"Zeldia","3","0.8","0.0","0.0","2","0.7171","0.0359","0.2127","0.2486","0.0","0.0","0.0","0.0","0.2486","0.0","0.0105","5.0E-4","0.0023","0.0029","0.0","0.0","0.0","0.0","0.0029","0.0"
"Zetalaimus","2","0.0","0.0","3.2","4","0.1538","0.0038","0.067","0.0709","0.0","0.0709","0.0","0.0709","0.0","0.0","0.0","0.0","0.0","0.0","0.0","0.0","0.0","0.0","0.0","0.0"
"Zygotylenchus","1","0.0","0.0","0.0","3","0.1296","0.0043","0.0588","0.0631","0.0","0.0","0.0631","0.0","0.0","0.0","0.0152","5.0E-4","0.0053","0.0058","0.0","0.0","0.0058","0.0","0.0","0.0"
